출동서센터,출동차수,차량호수,차량동태,진행일시,관제일련번호,관제진행일시,관제내역
율하119안전센터,1,1000000857,현장도착보고,2024-08-01 0:03,5,2024-08-01 0:03,[율하119-율하구급(구급차)][AVL 입력자(율하구급)]현장도착보고
북부구급대,1,1000001076,현장도착보고,2024-08-01 0:07,5,2024-08-01 0:07,[북부구급대-북부특별1차(구급차)][AVL 입력자(북부특별1차)]현장도착보고
대현119안전센터,1,1000000688,현장도착보고,2024-08-01 0:00,29,2024-08-01 0:00,[대현119-대현탱크(탱크차)][AVL 입력자(대현탱크)]현장도착보고
대현119안전센터,1,1000000825,현장도착보고,2024-08-01 0:00,26,2024-08-01 0:00,[대현119-대현펌프(펌프차)][AVL 입력자(대현펌프)]현장도착보고
동부구조대,1,1000000580,현장도착보고,2024-08-01 0:02,37,2024-08-01 0:02,[동부구조대-동부구조공작(구조대차)][AVL 입력자(동부구조공작)]현장도착보고
복현119지역대,3,1000001242,출동보고,2024-08-01 0:01,34,2024-08-01 0:01,[복현지역대-복현펌프(카)(펌프차)][AVL 입력자(복현펌프(카))]출동보고
복현119지역대,3,1000001242,현장도착보고,2024-08-01 0:01,35,2024-08-01 0:01,[복현지역대-복현펌프(카)(펌프차)][AVL 입력자(복현펌프(카))]현장도착보고
현장지휘단,4,1000000761,현장도착보고,2024-08-01 0:01,32,2024-08-01 0:01,[현장지휘단-북부현장지휘(지휘차)][AVL 입력자(북부현장지휘)]현장도착보고
노원119안전센터,1,1000001253,현장도착보고,2024-08-01 0:14,4,2024-08-01 0:14,[노원119-노원구급(구급차)][AVL 입력자(노원구급)]현장도착보고
봉덕119안전센터,1,1000001158,현장도착보고,2024-08-01 0:05,5,2024-08-01 0:05,[봉덕119-봉덕구급(구급차)][AVL 입력자(봉덕구급)]현장도착보고
봉덕119안전센터,1,1000001158,출동보고,2024-08-01 0:01,4,2024-08-01 0:01,[봉덕119-봉덕구급(구급차)][AVL 입력자(봉덕구급)]출동보고
달서구급대,1,1000001255,현장도착보고,2024-08-01 0:07,6,2024-08-01 0:07,[달서구급대-달서본대1차(구급차)][AVL 입력자(달서본대1차)]현장도착보고
달서구급대,1,1000001255,출동보고,2024-08-01 0:02,4,2024-08-01 0:02,[달서구급대-달서본대1차(구급차)][AVL 입력자(달서본대1차)]출동보고
성명119안전센터,1,1000001026,출동보고,2024-08-01 0:04,4,2024-08-01 0:04,[성명119-성명구급(구급차)][AVL 입력자(성명구급)]출동보고
성명119안전센터,1,1000001026,현장도착보고,2024-08-01 0:08,5,2024-08-01 0:08,[성명119-성명구급(구급차)][AVL 입력자(성명구급)]현장도착보고
불로119안전센터,1,1000000739,현장도착보고,2024-08-01 0:11,7,2024-08-01 0:11,[불로119-불로구급(구급차)][AVL 입력자(불로구급)]현장도착보고
불로119안전센터,1,1000000739,출동보고,2024-08-01 0:08,6,2024-08-01 0:08,[불로119-불로구급(구급차)][AVL 입력자(불로구급)]출동보고
범물119안전센터,1,1000000864,출동보고,2024-08-01 0:10,12,2024-08-01 0:10,[범물119-범물탱크1차(탱크차)][AVL 입력자(범물탱크1차)]출동보고
범물119안전센터,1,1000000864,현장도착보고,2024-08-01 0:15,24,2024-08-01 0:15,[범물119-범물탱크1차(탱크차)]현장도착보고
범물119안전센터,1,1000000898,출동보고,2024-08-01 0:08,5,2024-08-01 0:08,[범물119-범물펌프(호)(펌프차)][AVL 입력자(범물펌프(호))]출동보고
범물119안전센터,1,1000000898,현장도착보고,2024-08-01 0:15,22,2024-08-01 0:15,[범물119-범물펌프(호)(펌프차)][AVL 입력자(범물펌프(호))]현장도착보고
상동119안전센터,1,1000000961,현장도착보고,2024-08-01 0:14,19,2024-08-01 0:14,[상동119-상동펌프(호)(펌프차)][AVL 입력자(상동펌프(호))]현장도착보고
상동119안전센터,1,1000000961,출동보고,2024-08-01 0:09,8,2024-08-01 0:09,[상동119-상동펌프(호)(펌프차)][AVL 입력자(상동펌프(호))]출동보고
상동119안전센터,1,1000000965,현장도착보고,2024-08-01 0:13,17,2024-08-01 0:13,[상동119-상동구급(수성예비)(구급차)][AVL 입력자(상동구급(수성예비))]현장도착보고
상동119안전센터,1,1000000965,출동보고,2024-08-01 0:09,10,2024-08-01 0:09,[상동119-상동구급(수성예비)(구급차)][AVL 입력자(상동구급(수성예비))]출동보고
수성구조대,1,1000000779,출동보고,2024-08-01 0:08,6,2024-08-01 0:08,[수성구조대-수성구조공작(구조대차)][AVL 입력자(수성구조공작)]출동보고
수성구조대,1,1000000779,현장도착보고,2024-08-01 0:14,18,2024-08-01 0:14,[수성구조대-수성구조공작(구조대차)][AVL 입력자(수성구조공작)]현장도착보고
수성구조대,2,1000001015,현장도착보고,2024-08-01 0:14,20,2024-08-01 0:14,[수성구조대-수성구조버스(구조대차)]현장도착보고
현장지휘단,1,1000000847,출동보고,2024-08-01 0:09,9,2024-08-01 0:09,[현장지휘단-수성화재조사(화재조사차)][AVL 입력자(수성화재조사)]출동보고
현장지휘단,1,1000000847,현장도착보고,2024-08-01 0:15,23,2024-08-01 0:15,[현장지휘단-수성화재조사(화재조사차)][AVL 입력자(수성화재조사)]현장도착보고
현장지휘단,1,1000001177,현장도착보고,2024-08-01 0:15,21,2024-08-01 0:15,[현장지휘단-수성현장지휘(지휘차)][AVL 입력자(수성현장지휘)]현장도착보고
현장지휘단,1,1000001177,출동보고,2024-08-01 0:08,7,2024-08-01 0:08,[현장지휘단-수성현장지휘(지휘차)][AVL 입력자(수성현장지휘)]출동보고
옥포119안전센터,1,1000000901,출동보고,2024-08-01 0:13,3,2024-08-01 0:13,"[옥포119-옥포펌프(호,구조대)(펌프차)][AVL 입력자(옥포펌프(호,구조대))]출동보고"
옥포119안전센터,1,1000000901,현장도착보고,2024-08-01 0:18,5,2024-08-01 0:18,"[옥포119-옥포펌프(호,구조대)(펌프차)][AVL 입력자(옥포펌프(호,구조대))]현장도착보고"
동촌119안전센터,1,1000001079,출동보고,2024-08-01 0:15,3,2024-08-01 0:15,[동촌119-동촌구급(구급차)][AVL 입력자(동촌구급)]출동보고
동촌119안전센터,1,1000001079,현장도착보고,2024-08-01 0:21,5,2024-08-01 0:21,[동촌119-동촌구급(구급차)][AVL 입력자(동촌구급)]현장도착보고
도원119안전센터,1,1000000723,출동보고,2024-08-01 0:16,4,2024-08-01 0:16,[도원119-도원펌프(호)(펌프차)][AVL 입력자(도원펌프(호))]출동보고
도원119안전센터,1,1000000723,현장도착보고,2024-08-01 0:22,7,2024-08-01 0:22,[도원119-도원펌프(호)(펌프차)][AVL 입력자(도원펌프(호))]현장도착보고
강서구조대,1,1000000752,현장도착보고,2024-08-01 0:33,9,2024-08-01 0:33,[강서구조대-강서구조버스(구조대차)]현장도착보고
강서구조대,1,1000000754,출동보고,2024-08-01 0:18,4,2024-08-01 0:18,[강서구조대-강서구조공작(구조대차)][AVL 입력자(강서구조공작)]출동보고
강서구조대,1,1000000754,현장도착보고,2024-08-01 0:31,7,2024-08-01 0:31,[강서구조대-강서구조공작(구조대차)][AVL 입력자(강서구조공작)]현장도착보고
다사119안전센터,1,1000001238,현장도착보고,2024-08-01 0:31,8,2024-08-01 0:31,[다사119-다사펌프(카)(펌프차)][AVL 입력자(다사펌프(카))]현장도착보고
다사119안전센터,1,1000001238,출동보고,2024-08-01 0:18,5,2024-08-01 0:18,[다사119-다사펌프(카)(펌프차)][AVL 입력자(다사펌프(카))]출동보고
대명119지역대,1,1000001072,현장도착보고,2024-08-01 0:27,9,2024-08-01 0:27,[대명지역대-대명구급(구급차)][AVL 입력자(대명구급)]현장도착보고
대명119지역대,1,1000001072,출동보고,2024-08-01 0:21,6,2024-08-01 0:21,[대명지역대-대명구급(구급차)][AVL 입력자(대명구급)]출동보고
대명119지역대,2,1000001209,출동보고,2024-08-01 0:21,7,2024-08-01 0:21,[대명지역대-대명펌프(카)(펌프차)][AVL 입력자(대명펌프(카))]출동보고
대명119지역대,2,1000001209,현장도착보고,2024-08-01 0:30,10,2024-08-01 0:30,[대명지역대-대명펌프(카)(펌프차)][AVL 입력자(대명펌프(카))]현장도착보고
대천119안전센터,1,1000001160,출동보고,2024-08-01 0:24,5,2024-08-01 0:24,[대천119-대천구급(구급차)][AVL 입력자(대천구급)]출동보고
대천119안전센터,1,1000001160,현장도착보고,2024-08-01 0:30,6,2024-08-01 0:30,[대천119-대천구급(구급차)][AVL 입력자(대천구급)]현장도착보고
읍내119안전센터,1,1000001207,출동보고,2024-08-01 0:29,6,2024-08-01 0:29,[읍내119-읍내구급(구급차)][AVL 입력자(읍내구급)]출동보고
읍내119안전센터,1,1000001207,현장도착보고,2024-08-01 0:31,7,2024-08-01 0:31,[읍내119-읍내구급(구급차)][AVL 입력자(읍내구급)]현장도착보고
상동119안전센터,1,1000000965,현장도착보고,2024-08-01 0:32,6,2024-08-01 0:32,[상동119-상동구급(수성예비)(구급차)][AVL 입력자(상동구급(수성예비))]현장도착보고
상동119안전센터,1,1000000965,출동보고,2024-08-01 0:30,5,2024-08-01 0:30,[상동119-상동구급(수성예비)(구급차)][AVL 입력자(상동구급(수성예비))]출동보고
이현119안전센터,1,1000001150,현장도착보고,2024-08-01 0:38,8,2024-08-01 0:38,[이현119-이현구급(구급차)][AVL 입력자(이현구급)]현장도착보고
강북구급대,1,1000001208,출동보고,2024-08-01 0:40,5,2024-08-01 0:40,[강북구급대-강북본대1차(구급차)][AVL 입력자(강북본대1차)]출동보고
강북구급대,1,1000001208,현장도착보고,2024-08-01 0:42,6,2024-08-01 0:42,[강북구급대-강북본대1차(구급차)][AVL 입력자(강북본대1차)]현장도착보고
무태119안전센터,1,1000000993,출동보고,2024-08-01 0:47,4,2024-08-01 0:47,[무태119-무태구급(구급차)][AVL 입력자(무태구급)]출동보고
무태119안전센터,1,1000000993,현장도착보고,2024-08-01 0:50,5,2024-08-01 0:50,[무태119-무태구급(구급차)][AVL 입력자(무태구급)]현장도착보고
옥포119안전센터,1,1000001069,출동보고,2024-08-01 0:49,4,2024-08-01 0:49,[옥포119-옥포구급(구급차)][AVL 입력자(옥포구급)]출동보고
옥포119안전센터,1,1000001069,현장도착보고,2024-08-01 0:52,5,2024-08-01 0:52,[옥포119-옥포구급(구급차)][AVL 입력자(옥포구급)]현장도착보고
황금119안전센터,1,1000001164,출동보고,2024-08-01 0:58,3,2024-08-01 0:58,[황금119-황금구급(구급차)][AVL 입력자(황금구급)]출동보고
황금119안전센터,1,1000001164,현장도착보고,2024-08-01 1:04,4,2024-08-01 1:04,[황금119-황금구급(구급차)][AVL 입력자(황금구급)]현장도착보고
침산119안전센터,1,1000001024,출동보고,2024-08-01 1:21,5,2024-08-01 1:21,[침산119-침산구급(구급차)][AVL 입력자(침산구급)]출동보고
침산119안전센터,1,1000001024,현장도착보고,2024-08-01 1:24,6,2024-08-01 1:24,[침산119-침산구급(구급차)][AVL 입력자(침산구급)]현장도착보고
본리119안전센터,1,1000001029,출동보고,2024-08-01 1:25,3,2024-08-01 1:25,[본리119-본리구급(구급차)][AVL 입력자(본리구급)]출동보고
본리119안전센터,1,1000001029,현장도착보고,2024-08-01 1:29,5,2024-08-01 1:29,[본리119-본리구급(구급차)][AVL 입력자(본리구급)]현장도착보고
무태119안전센터,1,1000001184,현장도착보고,2024-08-01 1:43,5,2024-08-01 1:43,[무태119-무태펌프(구암2차)(펌프차)][AVL 입력자(무태펌프(구암2차))]현장도착보고
무태119안전센터,1,1000001184,출동보고,2024-08-01 1:29,4,2024-08-01 1:29,[무태119-무태펌프(구암2차)(펌프차)][AVL 입력자(무태펌프(구암2차))]출동보고
달서구급대,1,1000001255,현장도착보고,2024-08-01 1:32,10,2024-08-01 1:32,[달서구급대-달서본대1차(구급차)][AVL 입력자(달서본대1차)]현장도착보고
달서구급대,1,1000001255,출동보고,2024-08-01 1:28,6,2024-08-01 1:28,[달서구급대-달서본대1차(구급차)][AVL 입력자(달서본대1차)]출동보고
무열로119안전센터,1,1000001025,현장도착보고,2024-08-01 1:32,4,2024-08-01 1:32,[무열로119-무열로구급(구급차)][AVL 입력자(무열로구급)]현장도착보고
무열로119안전센터,1,1000001025,출동보고,2024-08-01 1:29,3,2024-08-01 1:29,[무열로119-무열로구급(구급차)][AVL 입력자(무열로구급)]출동보고
내당119안전센터,1,1000001038,현장도착보고,2024-08-01 1:37,6,2024-08-01 1:37,[내당119-내당구급(구급차)][AVL 입력자(내당구급)]현장도착보고
내당119안전센터,1,1000001038,출동보고,2024-08-01 1:34,5,2024-08-01 1:34,[내당119-내당구급(구급차)][AVL 입력자(내당구급)]출동보고
동부구조대,1,1000000580,출동보고,2024-08-01 1:49,6,2024-08-01 1:49,[동부구조대-동부구조공작(구조대차)][AVL 입력자(동부구조공작)]출동보고
동촌119안전센터,1,1000001079,출동보고,2024-08-01 1:51,8,2024-08-01 1:51,[동촌119-동촌구급(구급차)][AVL 입력자(동촌구급)]출동보고
무열로119안전센터,1,1000000830,현장도착보고,2024-08-01 2:05,34,2024-08-01 2:05,[무열로119-무열로펌프(펌프차)][AVL 입력자(무열로펌프)]현장도착보고
무열로119안전센터,1,1000000830,출동보고,2024-08-01 1:50,7,2024-08-01 1:50,[무열로119-무열로펌프(펌프차)][AVL 입력자(무열로펌프)]출동보고
무열로119안전센터,4,1000001025,현장도착보고,2024-08-01 2:07,39,2024-08-01 2:07,[무열로119-무열로구급(구급차)][AVL 입력자(무열로구급)]현장도착보고
무열로119안전센터,4,1000001025,출동보고,2024-08-01 2:03,32,2024-08-01 2:03,[무열로119-무열로구급(구급차)][AVL 입력자(무열로구급)]출동보고
율하119안전센터,3,1000000857,출동보고,2024-08-01 1:54,17,2024-08-01 1:54,[율하119-율하구급(구급차)][AVL 입력자(율하구급)]출동보고
율하119안전센터,3,1000000857,현장도착보고,2024-08-01 1:57,19,2024-08-01 1:57,[율하119-율하구급(구급차)][AVL 입력자(율하구급)]현장도착보고
율하119안전센터,3,1000000959,출동보고,2024-08-01 1:54,18,2024-08-01 1:54,[율하119-율하펌프(호)(펌프차)][AVL 입력자(율하펌프(호))]출동보고
율하119안전센터,3,1000000959,현장도착보고,2024-08-01 1:59,25,2024-08-01 1:59,[율하119-율하펌프(호)(펌프차)][AVL 입력자(율하펌프(호))]현장도착보고
동부구급대,1,1000001165,출동보고,2024-08-01 1:50,6,2024-08-01 1:50,[동부구급대-동부본대1차(구급차)][AVL 입력자(동부본대1차)]출동보고
동부구급대,1,1000001165,현장도착보고,2024-08-01 1:53,7,2024-08-01 1:53,[동부구급대-동부본대1차(구급차)][AVL 입력자(동부본대1차)]현장도착보고
송현119안전센터,1,1000001067,출동보고,2024-08-01 1:55,4,2024-08-01 1:55,[송현119-송현구급(구급차)][AVL 입력자(송현구급)]출동보고
송현119안전센터,1,1000001067,현장도착보고,2024-08-01 1:58,5,2024-08-01 1:58,[송현119-송현구급(구급차)][AVL 입력자(송현구급)]현장도착보고
119특수구조대,1,1000001089,출동보고,2024-08-01 2:03,16,2024-08-01 2:03,[119특수구조대-드론관제지휘(특수구조대차)][AVL 입력자(드론관제지휘)]출동보고
대현119안전센터,1,1000000688,출동보고,2024-08-01 2:04,25,2024-08-01 2:04,[대현119-대현탱크(탱크차)][AVL 입력자(대현탱크)]출동보고
대현119안전센터,1,1000000688,현장도착보고,2024-08-01 2:11,78,2024-08-01 2:11,[대현119-대현탱크(탱크차)]현장도착보고
대현119안전센터,1,1000000825,현장도착보고,2024-08-01 2:09,68,2024-08-01 2:09,[대현119-대현펌프(펌프차)][AVL 입력자(대현펌프)]현장도착보고
대현119안전센터,1,1000000825,출동보고,2024-08-01 2:04,23,2024-08-01 2:04,[대현119-대현펌프(펌프차)][AVL 입력자(대현펌프)]출동보고
동부구조대,1,1000000580,출동보고,2024-08-01 2:04,22,2024-08-01 2:04,[동부구조대-동부구조공작(구조대차)][AVL 입력자(동부구조공작)]출동보고
동부구조대,1,1000000580,현장도착보고,2024-08-01 2:10,71,2024-08-01 2:10,[동부구조대-동부구조공작(구조대차)][AVL 입력자(동부구조공작)]현장도착보고
복현119지역대,2,1000001242,출동보고,2024-08-01 2:04,27,2024-08-01 2:04,[복현지역대-복현펌프(카)(펌프차)][AVL 입력자(복현펌프(카))]출동보고
북부구급대,1,1000001076,출동보고,2024-08-01 2:05,36,2024-08-01 2:05,[북부구급대-북부특별1차(구급차)][AVL 입력자(북부특별1차)]출동보고
북부구급대,1,1000001076,현장도착보고,2024-08-01 2:09,67,2024-08-01 2:09,[북부구급대-북부특별1차(구급차)][AVL 입력자(북부특별1차)]현장도착보고
북부구조대,1,1000000775,현장도착보고,2024-08-01 2:08,58,2024-08-01 2:08,[북부구조대-북부구조공작(구조대차)][AVL 입력자(북부구조공작)]현장도착보고
북부구조대,1,1000000775,출동보고,2024-08-01 2:03,11,2024-08-01 2:03,[북부구조대-북부구조공작(구조대차)][AVL 입력자(북부구조공작)]출동보고
비산119안전센터,2,1000000866,현장도착보고,2024-08-01 2:09,69,2024-08-01 2:09,[비산119-비산탱크(탱크차)]현장도착보고
비산119안전센터,2,1000000866,출동보고,2024-08-01 2:06,39,2024-08-01 2:06,[비산119-비산탱크(탱크차)][AVL 입력자(비산탱크)]출동보고
비산119안전센터,2,1000001049,출동보고,2024-08-01 2:05,37,2024-08-01 2:05,[비산119-비산펌프(카)(펌프차)][AVL 입력자(비산펌프(카))]출동보고
비산119안전센터,2,1000001049,현장도착보고,2024-08-01 2:09,60,2024-08-01 2:09,[비산119-비산펌프(카)(펌프차)][AVL 입력자(비산펌프(카))]현장도착보고
서문로119안전센터,1,1000000832,현장도착보고,2024-08-01 2:09,62,2024-08-01 2:09,[서문로119-서문로펌프(펌프차)][AVL 입력자(서문로펌프)]현장도착보고
서문로119안전센터,1,1000000832,출동보고,2024-08-01 2:04,34,2024-08-01 2:04,[서문로119-서문로펌프(펌프차)][AVL 입력자(서문로펌프)]출동보고
칠성119안전센터,1,1000000647,출동보고,2024-08-01 2:04,28,2024-08-01 2:04,[칠성119-칠성굴절(35m)(굴절차)][AVL 입력자(칠성굴절(35m))]출동보고
칠성119안전센터,1,1000000647,현장도착보고,2024-08-01 2:08,51,2024-08-01 2:08,[칠성119-칠성굴절(35m)(굴절차)]현장도착보고
칠성119안전센터,1,1000000719,출동보고,2024-08-01 2:04,21,2024-08-01 2:04,[칠성119-칠성펌프(펌프차)][AVL 입력자(칠성펌프)]출동보고
칠성119안전센터,1,1000000719,현장도착보고,2024-08-01 2:08,54,2024-08-01 2:08,[칠성119-칠성펌프(펌프차)]현장도착보고
칠성119안전센터,1,1000000770,현장도착보고,2024-08-01 2:08,50,2024-08-01 2:08,[칠성119-칠성고가(53m)(고가차)]현장도착보고
칠성119안전센터,1,1000000947,현장도착보고,2024-08-01 2:08,52,2024-08-01 2:08,[칠성119-칠성탱크(탱크차)]현장도착보고
칠성119안전센터,1,1000000947,출동보고,2024-08-01 2:04,19,2024-08-01 2:04,[칠성119-칠성탱크(탱크차)][AVL 입력자(칠성탱크)]출동보고
칠성119안전센터,1,1000001046,현장도착보고,2024-08-01 2:08,55,2024-08-01 2:08,[칠성119-칠성화학(화학차)]현장도착보고
칠성119안전센터,1,1000001046,출동보고,2024-08-01 2:03,18,2024-08-01 2:03,[칠성119-칠성화학(화학차)][AVL 입력자(칠성화학)]출동보고
칠성119안전센터,1,1000001053,출동보고,2024-08-01 2:04,26,2024-08-01 2:04,[칠성119-칠성소형사다리(18m)(고가차)][AVL 입력자(칠성소형사다리(18m))]출동보고
칠성119안전센터,1,1000001053,현장도착보고,2024-08-01 2:08,49,2024-08-01 2:08,[칠성119-칠성소형사다리(18m)(고가차)][AVL 입력자(칠성소형사다리(18m))]현장도착보고
칠성119안전센터,1,1000001084,현장도착보고,2024-08-01 2:08,53,2024-08-01 2:08,[칠성119-칠성조연(특수차)]현장도착보고
침산119안전센터,1,1000000896,현장도착보고,2024-08-01 2:07,44,2024-08-01 2:07,[침산119-침산펌프(호)(펌프차)][AVL 입력자(침산펌프(호))]현장도착보고
침산119안전센터,1,1000001047,현장도착보고,2024-08-01 2:03,14,2024-08-01 2:03,[침산119-침산탱크(탱크차)][AVL 입력자(침산탱크)]현장도착보고
현장지휘단,1,1000000761,출동보고,2024-08-01 2:04,29,2024-08-01 2:04,[현장지휘단-북부현장지휘(지휘차)][AVL 입력자(북부현장지휘)]출동보고
현장지휘단,1,1000000761,현장도착보고,2024-08-01 2:08,56,2024-08-01 2:08,[현장지휘단-북부현장지휘(지휘차)][AVL 입력자(북부현장지휘)]현장도착보고
달서구조대,1,1000001048,출동보고,2024-08-01 2:10,5,2024-08-01 2:10,[달서구조대-달서구조공작(구조대차)][AVL 입력자(달서구조공작)]출동보고
죽전119안전센터,1,1000000837,출동보고,2024-08-01 2:09,4,2024-08-01 2:09,[죽전119-죽전펌프(펌프차)][AVL 입력자(죽전펌프)]출동보고
수성구급대,1,1000001163,출동보고,2024-08-01 2:17,4,2024-08-01 2:17,[수성구급대-수성본대1차(구급차)][AVL 입력자(수성본대1차)]출동보고
수성구급대,1,1000001163,현장도착보고,2024-08-01 2:20,5,2024-08-01 2:20,[수성구급대-수성본대1차(구급차)][AVL 입력자(수성본대1차)]현장도착보고
송현119안전센터,1,1000001067,출동보고,2024-08-01 2:16,6,2024-08-01 2:16,[송현119-송현구급(구급차)][AVL 입력자(송현구급)]출동보고
송현119안전센터,1,1000001067,현장도착보고,2024-08-01 2:18,7,2024-08-01 2:18,[송현119-송현구급(구급차)][AVL 입력자(송현구급)]현장도착보고
구지119안전센터,1,1000001146,현장도착보고,2024-08-01 2:24,4,2024-08-01 2:24,[구지119-구지구급(구급차)][AVL 입력자(구지구급)]현장도착보고
구지119안전센터,1,1000001146,출동보고,2024-08-01 2:21,3,2024-08-01 2:21,[구지119-구지구급(구급차)][AVL 입력자(구지구급)]출동보고
대현119안전센터,1,1000001206,출동보고,2024-08-01 2:23,4,2024-08-01 2:23,[대현119-대현구급(구급차)][AVL 입력자(대현구급)]출동보고
대현119안전센터,1,1000001206,현장도착보고,2024-08-01 2:27,7,2024-08-01 2:27,[대현119-대현구급(구급차)][AVL 입력자(대현구급)]현장도착보고
무태119안전센터,1,1000000993,현장도착보고,2024-08-01 2:28,5,2024-08-01 2:28,[무태119-무태구급(구급차)][AVL 입력자(무태구급)]현장도착보고
무태119안전센터,1,1000000993,출동보고,2024-08-01 2:26,4,2024-08-01 2:26,[무태119-무태구급(구급차)][AVL 입력자(무태구급)]출동보고
수성119안전센터,1,1000000917,출동보고,2024-08-01 2:28,3,2024-08-01 2:28,[수성119-수성펌프(카)(펌프차)][AVL 입력자(수성펌프(카))]출동보고
비산119안전센터,1,1000001151,출동보고,2024-08-01 2:30,6,2024-08-01 2:30,[비산119-비산구급(구급차)][AVL 입력자(비산구급)]출동보고
비산119안전센터,1,1000001151,현장도착보고,2024-08-01 2:34,9,2024-08-01 2:34,[비산119-비산구급(구급차)][AVL 입력자(비산구급)]현장도착보고
서부구급대,2,1000001152,출동보고,2024-08-01 2:31,8,2024-08-01 2:31,[서부구급대-서부특별(구급차)][AVL 입력자(서부특별)]출동보고
서부구급대,2,1000001152,현장도착보고,2024-08-01 2:36,12,2024-08-01 2:36,[서부구급대-서부특별(구급차)][AVL 입력자(서부특별)]현장도착보고
동촌119안전센터,1,1000001037,출동보고,2024-08-01 2:33,5,2024-08-01 2:33,[동촌119-동촌펌프(호)(펌프차)][AVL 입력자(동촌펌프(호))]출동보고
동촌119안전센터,1,1000001037,현장도착보고,2024-08-01 2:37,6,2024-08-01 2:37,[동촌119-동촌펌프(호)(펌프차)][AVL 입력자(동촌펌프(호))]현장도착보고
달서구급대,1,1000001255,출동보고,2024-08-01 2:36,4,2024-08-01 2:36,[달서구급대-달서본대1차(구급차)][AVL 입력자(달서본대1차)]출동보고
달서구급대,1,1000001255,현장도착보고,2024-08-01 2:38,5,2024-08-01 2:38,[달서구급대-달서본대1차(구급차)][AVL 입력자(달서본대1차)]현장도착보고
동촌119안전센터,1,1000001079,출동보고,2024-08-01 2:40,5,2024-08-01 2:40,[동촌119-동촌구급(구급차)][AVL 입력자(동촌구급)]출동보고
동촌119안전센터,1,1000001079,현장도착보고,2024-08-01 2:43,6,2024-08-01 2:43,[동촌119-동촌구급(구급차)][AVL 입력자(동촌구급)]현장도착보고
복현119지역대,1,1000001077,출동보고,2024-08-01 2:40,5,2024-08-01 2:40,[복현지역대-복현구급(구급차)][AVL 입력자(복현구급)]출동보고
복현119지역대,1,1000001077,현장도착보고,2024-08-01 2:44,6,2024-08-01 2:44,[복현지역대-복현구급(구급차)][AVL 입력자(복현구급)]현장도착보고
중부구급대,1,1000001073,현장도착보고,2024-08-01 3:01,6,2024-08-01 3:01,[중부구급대-중부본대1차(구급차)][AVL 입력자(중부본대1차)]현장도착보고
중부구급대,1,1000001073,출동보고,2024-08-01 2:58,5,2024-08-01 2:58,[중부구급대-중부본대1차(구급차)][AVL 입력자(중부본대1차)]출동보고
동부구급대,1,1000001165,현장도착보고,2024-08-01 3:11,5,2024-08-01 3:11,[동부구급대-동부본대1차(구급차)][AVL 입력자(동부본대1차)]현장도착보고
동부구급대,1,1000001165,출동보고,2024-08-01 3:04,4,2024-08-01 3:04,[동부구급대-동부본대1차(구급차)][AVL 입력자(동부본대1차)]출동보고
서문로119안전센터,1,1000001074,현장도착보고,2024-08-01 3:17,6,2024-08-01 3:17,[서문로119-서문로구급(구급차)][AVL 입력자(서문로구급)]현장도착보고
서문로119안전센터,1,1000001074,출동보고,2024-08-01 3:11,5,2024-08-01 3:11,[서문로119-서문로구급(구급차)][AVL 입력자(서문로구급)]출동보고
봉덕119안전센터,1,1000001158,출동보고,2024-08-01 3:11,3,2024-08-01 3:11,[봉덕119-봉덕구급(구급차)][AVL 입력자(봉덕구급)]출동보고
봉덕119안전센터,1,1000001158,현장도착보고,2024-08-01 3:16,4,2024-08-01 3:16,[봉덕119-봉덕구급(구급차)][AVL 입력자(봉덕구급)]현장도착보고
달성구급대,1,1000001203,출동보고,2024-08-01 3:12,4,2024-08-01 3:12,[달성구급대-달성본대1차(구급차)][AVL 입력자(달성본대1차)]출동보고
달성구급대,1,1000001203,현장도착보고,2024-08-01 3:17,5,2024-08-01 3:17,[달성구급대-달성본대1차(구급차)][AVL 입력자(달성본대1차)]현장도착보고
만촌119안전센터,1,1000001217,출동보고,2024-08-01 3:17,5,2024-08-01 3:17,[만촌119-만촌특별구급(구급차)][AVL 입력자(만촌특별구급)]출동보고
만촌119안전센터,1,1000001217,현장도착보고,2024-08-01 3:23,7,2024-08-01 3:23,[만촌119-만촌특별구급(구급차)][AVL 입력자(만촌특별구급)]현장도착보고
119특수구조대,1,1000001089,출동보고,2024-08-01 3:24,13,2024-08-01 3:24,[119특수구조대-드론관제지휘(특수구조대차)][AVL 입력자(드론관제지휘)]출동보고
119특수구조대,1,1000001245,출동보고,2024-08-01 3:26,37,2024-08-01 3:26,[119특수구조대-특구대구조공작(구조대차)][AVL 입력자(특구대구조공작)]출동보고
강북구급대,1,1000001208,출동보고,2024-08-01 3:26,30,2024-08-01 3:26,[강북구급대-강북본대1차(구급차)][AVL 입력자(강북본대1차)]출동보고
강북구급대,1,1000001208,현장도착보고,2024-08-01 3:30,57,2024-08-01 3:30,[강북구급대-강북본대1차(구급차)][AVL 입력자(강북본대1차)]현장도착보고
강북구조대,1,1000001232,현장도착보고,2024-08-01 3:29,54,2024-08-01 3:29,[강북구조대-강북구조공작(구조대차)][AVL 입력자(강북구조공작)]현장도착보고
강북구조대,1,1000001232,출동보고,2024-08-01 3:23,7,2024-08-01 3:23,[강북구조대-강북구조공작(구조대차)][AVL 입력자(강북구조공작)]출동보고
강북구조대,2,1000001232,출동보고,2024-08-01 4:06,141,2024-08-01 4:06,[강북구조대-강북구조공작(구조대차)][AVL 입력자(강북구조공작)]출동보고
강북구조대,2,1000001232,현장도착보고,2024-08-01 4:07,144,2024-08-01 4:07,[강북구조대-강북구조공작(구조대차)][AVL 입력자(강북구조공작)]현장도착보고
구암119안전센터,1,1000001169,출동보고,2024-08-01 3:24,17,2024-08-01 3:24,[구암119안전센터-구암펌프1차(카)(펌프차)][AVL 입력자(구암펌프1차(카))]출동보고
구암119안전센터,1,1000001169,현장도착보고,2024-08-01 3:26,38,2024-08-01 3:26,[구암119안전센터-구암펌프1차(카)(펌프차)][AVL 입력자(구암펌프1차(카))]현장도착보고
구암119안전센터,1,1000001172,출동보고,2024-08-01 3:24,22,2024-08-01 3:24,[구암119안전센터-구암탱크(소형)(탱크차)][AVL 입력자(구암탱크(소형))]출동보고
구암119안전센터,1,1000001172,현장도착보고,2024-08-01 3:31,67,2024-08-01 3:31,[구암119안전센터-구암탱크(소형)(탱크차)][AVL 입력자(구암탱크(소형))]현장도착보고
구암119안전센터,1,1000001173,출동보고,2024-08-01 3:25,24,2024-08-01 3:25,[구암119안전센터-구암굴절(굴절차)][AVL 입력자(구암굴절)]출동보고
구암119안전센터,1,1000001173,현장도착보고,2024-08-01 3:27,42,2024-08-01 3:27,[구암119안전센터-구암굴절(굴절차)][AVL 입력자(구암굴절)]현장도착보고
구암119안전센터,1,1000001175,현장도착보고,2024-08-01 3:28,48,2024-08-01 3:28,[구암119안전센터-구암화학(화학차)][AVL 입력자(구암화학)]현장도착보고
구암119안전센터,1,1000001175,출동보고,2024-08-01 3:26,35,2024-08-01 3:26,[구암119안전센터-구암화학(화학차)][AVL 입력자(구암화학)]출동보고
노원119안전센터,1,1000000816,출동보고,2024-08-01 3:24,19,2024-08-01 3:24,[노원119-노원펌프(펌프차)][AVL 입력자(노원펌프)]출동보고
노원119안전센터,1,1000000877,출동보고,2024-08-01 3:24,18,2024-08-01 3:24,[노원119-노원탱크(탱크차)][AVL 입력자(노원탱크)]출동보고
무태119안전센터,1,1000000815,출동보고,2024-08-01 3:24,14,2024-08-01 3:24,[무태119-무태탱크(탱크차)][AVL 입력자(무태탱크)]출동보고
무태119안전센터,1,1000000815,현장도착보고,2024-08-01 3:31,63,2024-08-01 3:31,[무태119-무태탱크(탱크차)][AVL 입력자(무태탱크)]현장도착보고
무태119안전센터,1,1000001184,출동보고,2024-08-01 3:24,21,2024-08-01 3:24,[무태119-무태펌프(구암2차)(펌프차)][AVL 입력자(무태펌프(구암2차))]출동보고
무태119안전센터,1,1000001184,현장도착보고,2024-08-01 3:31,65,2024-08-01 3:31,[무태119-무태펌프(구암2차)(펌프차)][AVL 입력자(무태펌프(구암2차))]현장도착보고
서부구조대,1,1000001007,출동보고,2024-08-01 3:24,23,2024-08-01 3:24,[서부구조대-서부구조공작(구조대차)][AVL 입력자(서부구조공작)]출동보고
서부구조대,1,1000001007,현장도착보고,2024-08-01 3:36,83,2024-08-01 3:36,[서부구조대-서부구조공작(구조대차)][AVL 입력자(서부구조공작)]현장도착보고
읍내119안전센터,1,1000001030,현장도착보고,2024-08-01 3:28,50,2024-08-01 3:28,[읍내119-읍내펌프(호)(펌프차)][AVL 입력자(읍내펌프(호))]현장도착보고
읍내119안전센터,1,1000001244,현장도착보고,2024-08-01 3:28,51,2024-08-01 3:28,[읍내119-읍내탱크(탱크차)]현장도착보고
태전119안전센터,1,1000000943,현장도착보고,2024-08-01 3:32,75,2024-08-01 3:32,[태전119-태전탱크(탱크차)][AVL 입력자(태전탱크)]현장도착보고
태전119안전센터,1,1000001170,현장도착보고,2024-08-01 3:31,68,2024-08-01 3:31,[태전119-태전펌프(카)(펌프차)][AVL 입력자(태전펌프(카))]현장도착보고
평리119안전센터,1,1000000950,출동보고,2024-08-01 3:25,25,2024-08-01 3:25,[평리119-평리탱크(탱크차)][AVL 입력자(평리탱크)]출동보고
평리119안전센터,1,1000000957,출동보고,2024-08-01 3:24,20,2024-08-01 3:24,[평리119-평리펌프(호)(펌프차)][AVL 입력자(평리펌프(호))]출동보고
현장지휘단,1,1000000646,출동보고,2024-08-01 3:25,29,2024-08-01 3:25,[현장지휘단-강북화재조사(화재조사차)][AVL 입력자(강북화재조사)]출동보고
현장지휘단,1,1000000646,현장도착보고,2024-08-01 3:26,34,2024-08-01 3:26,[현장지휘단-강북화재조사(화재조사차)]현장도착보고
현장지휘단,1,1000001171,출동보고,2024-08-01 3:24,11,2024-08-01 3:24,[현장지휘단-강북현장지휘(지휘차)][AVL 입력자(강북현장지휘)]출동보고
현장지휘단,1,1000001171,현장도착보고,2024-08-01 3:26,33,2024-08-01 3:26,[현장지휘단-강북현장지휘(지휘차)]현장도착보고
달서구급대,1,1000001255,출동보고,2024-08-01 3:28,3,2024-08-01 3:28,[달서구급대-달서본대1차(구급차)][AVL 입력자(달서본대1차)]출동보고
달서구급대,1,1000001255,현장도착보고,2024-08-01 3:31,4,2024-08-01 3:31,[달서구급대-달서본대1차(구급차)][AVL 입력자(달서본대1차)]현장도착보고
안심119안전센터,1,1000001210,현장도착보고,2024-08-01 3:35,4,2024-08-01 3:35,[안심119-안심특별구급(구급차)][AVL 입력자(안심특별구급)]현장도착보고
안심119안전센터,1,1000001210,출동보고,2024-08-01 3:31,3,2024-08-01 3:31,[안심119-안심특별구급(구급차)][AVL 입력자(안심특별구급)]출동보고
송현119안전센터,1,1000001067,출동보고,2024-08-01 3:42,3,2024-08-01 3:42,[송현119-송현구급(구급차)][AVL 입력자(송현구급)]출동보고
송현119안전센터,1,1000001067,현장도착보고,2024-08-01 3:43,4,2024-08-01 3:43,[송현119-송현구급(구급차)][AVL 입력자(송현구급)]현장도착보고
화원119안전센터,1,1000001044,출동보고,2024-08-01 3:55,4,2024-08-01 3:55,[화원119-화원구급(구급차)][AVL 입력자(화원구급)]출동보고
화원119안전센터,1,1000001044,현장도착보고,2024-08-01 4:00,5,2024-08-01 4:00,[화원119-화원구급(구급차)][AVL 입력자(화원구급)]현장도착보고
봉덕119안전센터,1,1000000956,출동보고,2024-08-01 4:05,5,2024-08-01 4:05,[봉덕119-봉덕펌프(호)(펌프차)][AVL 입력자(봉덕펌프(호))]출동보고
봉덕119안전센터,1,1000000956,현장도착보고,2024-08-01 4:08,6,2024-08-01 4:08,[봉덕119-봉덕펌프(호)(펌프차)][AVL 입력자(봉덕펌프(호))]현장도착보고
달성구급대,1,1000001203,현장도착보고,2024-08-01 4:07,4,2024-08-01 4:07,[달성구급대-달성본대1차(구급차)][AVL 입력자(달성본대1차)]현장도착보고
달성구급대,1,1000001203,출동보고,2024-08-01 4:04,3,2024-08-01 4:04,[달성구급대-달성본대1차(구급차)][AVL 입력자(달성본대1차)]출동보고
명덕119안전센터,1,1000000995,출동보고,2024-08-01 4:10,4,2024-08-01 4:10,[명덕119-명덕구급(구급차)][AVL 입력자(명덕구급)]출동보고
명덕119안전센터,1,1000000995,현장도착보고,2024-08-01 4:14,5,2024-08-01 4:14,[명덕119-명덕구급(구급차)][AVL 입력자(명덕구급)]현장도착보고
달서구급대,1,1000001255,출동보고,2024-08-01 4:13,4,2024-08-01 4:13,[달서구급대-달서본대1차(구급차)][AVL 입력자(달서본대1차)]출동보고
달서구급대,1,1000001255,현장도착보고,2024-08-01 4:15,5,2024-08-01 4:15,[달서구급대-달서본대1차(구급차)][AVL 입력자(달서본대1차)]현장도착보고
무열로119안전센터,1,1000001025,현장도착보고,2024-08-01 4:30,4,2024-08-01 4:30,[무열로119-무열로구급(구급차)][AVL 입력자(무열로구급)]현장도착보고
무열로119안전센터,1,1000001025,출동보고,2024-08-01 4:25,3,2024-08-01 4:25,[무열로119-무열로구급(구급차)][AVL 입력자(무열로구급)]출동보고
대현119안전센터,1,1000001206,현장도착보고,2024-08-01 4:36,9,2024-08-01 4:36,[대현119-대현구급(구급차)][AVL 입력자(대현구급)]현장도착보고
대현119안전센터,1,1000001206,출동보고,2024-08-01 4:32,8,2024-08-01 4:32,[대현119-대현구급(구급차)][AVL 입력자(대현구급)]출동보고
북부구조대,1,1000000775,현장도착보고,2024-08-01 4:37,10,2024-08-01 4:37,[북부구조대-북부구조공작(구조대차)][AVL 입력자(북부구조공작)]현장도착보고
북부구조대,1,1000000775,출동보고,2024-08-01 4:32,6,2024-08-01 4:32,[북부구조대-북부구조공작(구조대차)][AVL 입력자(북부구조공작)]출동보고
죽전119안전센터,1,1000001027,현장도착보고,2024-08-01 4:37,5,2024-08-01 4:37,[죽전119-죽전구급(구급차)][AVL 입력자(죽전구급)]현장도착보고
죽전119안전센터,1,1000001027,출동보고,2024-08-01 4:33,4,2024-08-01 4:33,[죽전119-죽전구급(구급차)][AVL 입력자(죽전구급)]출동보고
고산119안전센터,1,1000001205,출동보고,2024-08-01 4:33,3,2024-08-01 4:33,[고산119-고산구급(구급차)][AVL 입력자(고산구급)]출동보고
고산119안전센터,1,1000001205,현장도착보고,2024-08-01 4:39,4,2024-08-01 4:39,[고산119-고산구급(구급차)][AVL 입력자(고산구급)]현장도착보고
비산119안전센터,1,1000001151,현장도착보고,2024-08-01 4:35,5,2024-08-01 4:35,[비산119-비산구급(구급차)][AVL 입력자(비산구급)]현장도착보고
비산119안전센터,1,1000001151,출동보고,2024-08-01 4:34,4,2024-08-01 4:34,[비산119-비산구급(구급차)][AVL 입력자(비산구급)]출동보고
수성119안전센터,1,1000001064,현장도착보고,2024-08-01 4:45,4,2024-08-01 4:45,[수성119-수성센터구급(구급차)][AVL 입력자(수성센터구급)]현장도착보고
수성119안전센터,1,1000001064,출동보고,2024-08-01 4:40,3,2024-08-01 4:40,[수성119-수성센터구급(구급차)][AVL 입력자(수성센터구급)]출동보고
달서구급대,1,1000001255,현장도착보고,2024-08-01 4:47,4,2024-08-01 4:47,[달서구급대-달서본대1차(구급차)][AVL 입력자(달서본대1차)]현장도착보고
달서구급대,1,1000001255,출동보고,2024-08-01 4:42,3,2024-08-01 4:42,[달서구급대-달서본대1차(구급차)][AVL 입력자(달서본대1차)]출동보고
침산119안전센터,1,1000000896,출동보고,2024-08-01 4:44,4,2024-08-01 4:44,[침산119-침산펌프(호)(펌프차)][AVL 입력자(침산펌프(호))]출동보고
침산119안전센터,1,1000000896,현장도착보고,2024-08-01 4:51,8,2024-08-01 4:51,[침산119-침산펌프(호)(펌프차)]현장도착보고
침산119안전센터,1,1000001024,현장도착보고,2024-08-01 4:47,6,2024-08-01 4:47,[침산119-침산구급(구급차)][AVL 입력자(침산구급)]현장도착보고
침산119안전센터,1,1000001024,출동보고,2024-08-01 4:45,5,2024-08-01 4:45,[침산119-침산구급(구급차)][AVL 입력자(침산구급)]출동보고
내당119안전센터,1,1000001038,출동보고,2024-08-01 4:48,3,2024-08-01 4:48,[내당119-내당구급(구급차)][AVL 입력자(내당구급)]출동보고
내당119안전센터,1,1000001038,현장도착보고,2024-08-01 4:52,4,2024-08-01 4:52,[내당119-내당구급(구급차)][AVL 입력자(내당구급)]현장도착보고
본리119안전센터,1,1000001029,출동보고,2024-08-01 4:49,3,2024-08-01 4:49,[본리119-본리구급(구급차)][AVL 입력자(본리구급)]출동보고
본리119안전센터,1,1000001029,현장도착보고,2024-08-01 4:53,4,2024-08-01 4:53,[본리119-본리구급(구급차)][AVL 입력자(본리구급)]현장도착보고
구암119안전센터,2,1000001169,현장도착보고,2024-08-01 4:55,8,2024-08-01 4:55,[구암119안전센터-구암펌프1차(카)(펌프차)][AVL 입력자(구암펌프1차(카))]현장도착보고
구암119안전센터,2,1000001169,출동보고,2024-08-01 4:53,7,2024-08-01 4:53,[구암119안전센터-구암펌프1차(카)(펌프차)][AVL 입력자(구암펌프1차(카))]출동보고
이현119안전센터,1,1000001150,현장도착보고,2024-08-01 5:05,6,2024-08-01 5:05,[이현119-이현구급(구급차)][AVL 입력자(이현구급)]현장도착보고
이현119안전센터,1,1000001150,출동보고,2024-08-01 5:00,4,2024-08-01 5:00,[이현119-이현구급(구급차)][AVL 입력자(이현구급)]출동보고
119특수구조대,1,1000001089,출동보고,2024-08-01 5:14,6,2024-08-01 5:14,[119특수구조대-드론관제지휘(특수구조대차)][AVL 입력자(드론관제지휘)]출동보고
119특수구조대,1,1000001245,출동보고,2024-08-01 5:16,24,2024-08-01 5:16,[119특수구조대-특구대구조공작(구조대차)][AVL 입력자(특구대구조공작)]출동보고
강서구조대,1,1000000754,출동보고,2024-08-01 5:14,9,2024-08-01 5:14,[강서구조대-강서구조공작(구조대차)][AVL 입력자(강서구조공작)]출동보고
강서구조대,1,1000000754,현장도착보고,2024-08-01 5:20,60,2024-08-01 5:20,[강서구조대-강서구조공작(구조대차)][AVL 입력자(강서구조공작)]현장도착보고
남산119안전센터,3,1000000824,출동보고,2024-08-01 5:25,110,2024-08-01 5:25,[남산119-남산탱크(2120)(탱크차)][AVL 입력자(남산탱크(2120))]출동보고
남산119안전센터,3,1000001050,출동보고,2024-08-01 5:26,112,2024-08-01 5:26,[남산119-남산펌프(카)(펌프차)][AVL 입력자(남산펌프(카))]출동보고
내당119안전센터,3,1000000817,현장도착보고,2024-08-01 5:42,164,2024-08-01 5:42,[내당119-내당펌프(펌프차)][AVL 입력자(내당펌프)]현장도착보고
내당119안전센터,3,1000000817,출동보고,2024-08-01 5:25,104,2024-08-01 5:25,[내당119-내당펌프(펌프차)][AVL 입력자(내당펌프)]출동보고
내당119안전센터,3,1000000821,현장도착보고,2024-08-01 5:40,163,2024-08-01 5:40,[내당119-내당탱크(탱크차)][AVL 입력자(내당탱크)]현장도착보고
내당119안전센터,3,1000000821,출동보고,2024-08-01 5:24,98,2024-08-01 5:24,[내당119-내당탱크(탱크차)][AVL 입력자(내당탱크)]출동보고
다사119안전센터,1,1000000138,현장도착보고,2024-08-01 5:23,81,2024-08-01 5:23,[다사119-다사소형사다리(18m)(고가차)]현장도착보고
다사119안전센터,1,1000000138,출동보고,2024-08-01 5:20,51,2024-08-01 5:20,[다사119-다사소형사다리(18m)(고가차)][AVL 입력자(다사소형사다리(18m))]출동보고
다사119안전센터,1,1000000731,출동보고,2024-08-01 5:14,13,2024-08-01 5:14,[다사119-다사화학(화학차)][AVL 입력자(다사화학)]출동보고
다사119안전센터,1,1000000731,현장도착보고,2024-08-01 5:19,44,2024-08-01 5:19,[다사119-다사화학(화학차)][AVL 입력자(다사화학)]현장도착보고
다사119안전센터,1,1000000732,출동보고,2024-08-01 5:15,21,2024-08-01 5:15,[다사119-다사탱크(탱크차)][AVL 입력자(다사탱크)]출동보고
다사119안전센터,1,1000000732,현장도착보고,2024-08-01 5:19,42,2024-08-01 5:19,[다사119-다사탱크(탱크차)][AVL 입력자(다사탱크)]현장도착보고
다사119안전센터,1,1000000755,출동보고,2024-08-01 5:14,16,2024-08-01 5:14,[다사119-다사굴절(36m)(굴절차)][AVL 입력자(다사굴절(36m))]출동보고
다사119안전센터,1,1000000755,현장도착보고,2024-08-01 5:20,52,2024-08-01 5:20,[다사119-다사굴절(36m)(굴절차)][AVL 입력자(다사굴절(36m))]현장도착보고
다사119안전센터,1,1000000764,출동보고,2024-08-01 5:22,74,2024-08-01 5:22,[다사119-다사조연(특수차)][AVL 입력자(다사조연)]출동보고
다사119안전센터,1,1000000764,현장도착보고,2024-08-01 5:22,75,2024-08-01 5:22,[다사119-다사조연(특수차)][AVL 입력자(다사조연)]현장도착보고
다사119안전센터,1,1000001068,현장도착보고,2024-08-01 5:23,83,2024-08-01 5:23,[다사119-다사제독(화학차)]현장도착보고
다사119안전센터,1,1000001081,현장도착보고,2024-08-01 5:23,82,2024-08-01 5:23,[다사119-다사굴절(70m)(굴절차)]현장도착보고
다사119안전센터,1,1000001238,현장도착보고,2024-08-01 5:19,40,2024-08-01 5:19,[다사119-다사펌프(카)(펌프차)][AVL 입력자(다사펌프(카))]현장도착보고
다사119안전센터,1,1000001238,출동보고,2024-08-01 5:14,15,2024-08-01 5:14,[다사119-다사펌프(카)(펌프차)][AVL 입력자(다사펌프(카))]출동보고
달서구조대,1,1000001048,출동보고,2024-08-01 5:15,22,2024-08-01 5:15,[달서구조대-달서구조공작(구조대차)][AVL 입력자(달서구조공작)]출동보고
대천119안전센터,1,1000000909,현장도착보고,2024-08-01 5:19,45,2024-08-01 5:19,[대천119-대천화학(화학차)][AVL 입력자(대천화학)]현장도착보고
대천119안전센터,1,1000000909,출동보고,2024-08-01 5:13,4,2024-08-01 5:13,[대천119-대천화학(화학차)][AVL 입력자(대천화학)]출동보고
대천119안전센터,1,1000000952,현장도착보고,2024-08-01 5:21,68,2024-08-01 5:21,[대천119-대천탱크(탱크차)][AVL 입력자(대천탱크)]현장도착보고
대천119안전센터,1,1000000952,출동보고,2024-08-01 5:14,12,2024-08-01 5:14,[대천119-대천탱크(탱크차)][AVL 입력자(대천탱크)]출동보고
대천119안전센터,1,1000001160,현장도착보고,2024-08-01 5:21,72,2024-08-01 5:21,[대천119-대천구급(구급차)][AVL 입력자(대천구급)]현장도착보고
대천119안전센터,1,1000001160,출동보고,2024-08-01 5:16,29,2024-08-01 5:16,[대천119-대천구급(구급차)][AVL 입력자(대천구급)]출동보고
매곡119안전센터,1,1000000908,출동보고,2024-08-01 5:20,56,2024-08-01 5:20,[매곡119-매곡펌프(호)(펌프차)][AVL 입력자(매곡펌프(호))]출동보고
매곡119안전센터,1,1000000908,현장도착보고,2024-08-01 5:20,59,2024-08-01 5:20,[매곡119-매곡펌프(호)(펌프차)][AVL 입력자(매곡펌프(호))]현장도착보고
매곡119안전센터,1,1000001043,현장도착보고,2024-08-01 5:20,64,2024-08-01 5:20,[매곡119-매곡탱크(탱크차)]현장도착보고
매곡119안전센터,1,1000001043,출동보고,2024-08-01 5:15,23,2024-08-01 5:15,[매곡119-매곡탱크(탱크차)][AVL 입력자(매곡탱크)]출동보고
성서119안전센터,1,1000000812,출동보고,2024-08-01 5:14,11,2024-08-01 5:14,[성서119-성서2차펌프(탱크차)][AVL 입력자(성서2차펌프)]출동보고
성서119안전센터,1,1000000812,현장도착보고,2024-08-01 5:20,55,2024-08-01 5:20,[성서119-성서2차펌프(탱크차)][AVL 입력자(성서2차펌프)]현장도착보고
성서119안전센터,1,1000001036,현장도착보고,2024-08-01 5:18,36,2024-08-01 5:18,[성서119-성서펌프1차(호)(펌프차)][AVL 입력자(성서펌프1차(호))]현장도착보고
성서119안전센터,1,1000001036,출동보고,2024-08-01 5:14,19,2024-08-01 5:14,[성서119-성서펌프1차(호)(펌프차)][AVL 입력자(성서펌프1차(호))]출동보고
성서119안전센터,1,1000001162,현장도착보고,2024-08-01 5:18,33,2024-08-01 5:18,[성서119-성서구급(구급차)][AVL 입력자(성서구급)]현장도착보고
성서119안전센터,1,1000001162,출동보고,2024-08-01 5:14,18,2024-08-01 5:14,[성서119-성서구급(구급차)][AVL 입력자(성서구급)]출동보고
월성119안전센터,1,1000000944,출동보고,2024-08-01 5:14,17,2024-08-01 5:14,[월성119-월성탱크(탱크차)][AVL 입력자(월성탱크)]출동보고
월성119안전센터,1,1000000944,현장도착보고,2024-08-01 5:23,90,2024-08-01 5:23,[월성119-월성탱크(탱크차)][AVL 입력자(월성탱크)]현장도착보고
월성119안전센터,1,1000001032,출동보고,2024-08-01 5:24,93,2024-08-01 5:24,[월성119-월성펌프(호)(펌프차)][AVL 입력자(월성펌프(호))]출동보고
월성119안전센터,1,1000001032,현장도착보고,2024-08-01 5:24,99,2024-08-01 5:24,[월성119-월성펌프(호)(펌프차)][AVL 입력자(월성펌프(호))]현장도착보고
죽전119안전센터,1,1000000820,출동보고,2024-08-01 5:15,20,2024-08-01 5:15,[죽전119-죽전탱크(탱크차)][AVL 입력자(죽전탱크)]출동보고
죽전119안전센터,1,1000000837,현장도착보고,2024-08-01 5:23,84,2024-08-01 5:23,[죽전119-죽전펌프(펌프차)][AVL 입력자(죽전펌프)]현장도착보고
죽전119안전센터,1,1000000837,출동보고,2024-08-01 5:14,14,2024-08-01 5:14,[죽전119-죽전펌프(펌프차)][AVL 입력자(죽전펌프)]출동보고
죽전119안전센터,5,1000000820,출동보고,2024-08-01 5:39,155,2024-08-01 5:39,[죽전119-죽전탱크(탱크차)][AVL 입력자(죽전탱크)]출동보고
죽전119안전센터,5,1000000820,현장도착보고,2024-08-01 6:09,156,2024-08-01 5:39,[죽전119-죽전탱크(탱크차)][AVL 입력자(죽전탱크)]현장도착보고
현장지휘단,1,1000000727,현장도착보고,2024-08-01 5:23,85,2024-08-01 5:23,[현장지휘단-강서현장지휘(지휘차)]현장도착보고
현장지휘단,1,1000000734,현장도착보고,2024-08-01 5:20,54,2024-08-01 5:20,[현장지휘단-강서화재조사(화재조사차)][AVL 입력자(강서화재조사)]현장도착보고
현장지휘단,1,1000000734,출동보고,2024-08-01 5:14,10,2024-08-01 5:14,[현장지휘단-강서화재조사(화재조사차)][AVL 입력자(강서화재조사)]출동보고
동부구급대,1,1000001165,현장도착보고,2024-08-01 5:19,5,2024-08-01 5:19,[동부구급대-동부본대1차(구급차)][AVL 입력자(동부본대1차)]현장도착보고
동부구급대,1,1000001165,출동보고,2024-08-01 5:15,4,2024-08-01 5:15,[동부구급대-동부본대1차(구급차)][AVL 입력자(동부본대1차)]출동보고
고산119안전센터,2,1000000828,현장도착보고,2024-08-01 5:27,8,2024-08-01 5:27,[고산119-고산펌프(호)(펌프차)][AVL 입력자(고산펌프(호))]현장도착보고
고산119안전센터,2,1000000828,출동보고,2024-08-01 5:20,7,2024-08-01 5:20,[고산119-고산펌프(호)(펌프차)][AVL 입력자(고산펌프(호))]출동보고
죽전119안전센터,2,1000000820,현장도착보고,2024-08-01 5:23,6,2024-08-01 5:23,[죽전119-죽전탱크(탱크차)][AVL 입력자(죽전탱크)]현장도착보고
읍내119안전센터,1,1000001207,현장도착보고,2024-08-01 5:45,5,2024-08-01 5:45,[읍내119-읍내구급(구급차)][AVL 입력자(읍내구급)]현장도착보고
읍내119안전센터,1,1000001207,출동보고,2024-08-01 5:41,4,2024-08-01 5:41,[읍내119-읍내구급(구급차)][AVL 입력자(읍내구급)]출동보고
비산119안전센터,1,1000001151,현장도착보고,2024-08-01 5:47,5,2024-08-01 5:45,[비산119-비산구급(구급차)][AVL 입력자(비산구급)]현장도착보고
비산119안전센터,1,1000001151,출동보고,2024-08-01 5:43,3,2024-08-01 5:43,[비산119-비산구급(구급차)][AVL 입력자(비산구급)]출동보고
현풍119안전센터,1,1000000962,출동보고,2024-08-01 5:59,3,2024-08-01 5:59,[현풍119-현풍펌프(호)(펌프차)][AVL 입력자(현풍펌프(호))]출동보고
현풍119안전센터,1,1000000962,현장도착보고,2024-08-01 6:04,4,2024-08-01 6:04,[현풍119-현풍펌프(호)(펌프차)][AVL 입력자(현풍펌프(호))]현장도착보고
본리119안전센터,1,1000000705,출동보고,2024-08-01 6:01,4,2024-08-01 6:01,[본리119-본리펌프1차(펌프차)][AVL 입력자(본리펌프1차)]출동보고
본리119안전센터,1,1000000705,현장도착보고,2024-08-01 6:05,6,2024-08-01 6:05,[본리119-본리펌프1차(펌프차)][AVL 입력자(본리펌프1차)]현장도착보고
수성구급대,1,1000001163,현장도착보고,2024-08-01 6:13,4,2024-08-01 6:13,[수성구급대-수성본대1차(구급차)][AVL 입력자(수성본대1차)]현장도착보고
수성구급대,1,1000001163,출동보고,2024-08-01 6:10,3,2024-08-01 6:10,[수성구급대-수성본대1차(구급차)][AVL 입력자(수성본대1차)]출동보고
남구119구조대,2,1000001092,현장도착보고,2024-08-01 6:24,11,2024-08-01 6:24,[남구구조대-남구구조(구조대차)][AVL 입력자(남구구조)]현장도착보고
남구119구조대,2,1000001092,출동보고,2024-08-01 6:21,10,2024-08-01 6:21,[남구구조대-남구구조(구조대차)][AVL 입력자(남구구조)]출동보고
성명119안전센터,1,1000001026,현장도착보고,2024-08-01 6:16,7,2024-08-01 6:16,[성명119-성명구급(구급차)][AVL 입력자(성명구급)]현장도착보고
성명119안전센터,1,1000001026,출동보고,2024-08-01 6:15,4,2024-08-01 6:15,[성명119-성명구급(구급차)][AVL 입력자(성명구급)]출동보고
무태119안전센터,1,1000001184,출동보고,2024-08-01 6:17,5,2024-08-01 6:17,[무태119-무태펌프(구암2차)(펌프차)][AVL 입력자(무태펌프(구암2차))]출동보고
무태119안전센터,1,1000001184,현장도착보고,2024-08-01 6:26,8,2024-08-01 6:26,[무태119-무태펌프(구암2차)(펌프차)][AVL 입력자(무태펌프(구암2차))]현장도착보고
고산119안전센터,1,1000001205,출동보고,2024-08-01 6:18,5,2024-08-01 6:18,[고산119-고산구급(구급차)][AVL 입력자(고산구급)]출동보고
고산119안전센터,1,1000001205,현장도착보고,2024-08-01 6:21,6,2024-08-01 6:21,[고산119-고산구급(구급차)][AVL 입력자(고산구급)]현장도착보고
달서구급대,2,1000000996,현장도착보고,2024-08-01 6:29,13,2024-08-01 6:29,[달서구급대-달서특별구급(구급차)][AVL 입력자(달서특별구급)]현장도착보고
달서구급대,2,1000000996,출동보고,2024-08-01 6:22,10,2024-08-01 6:22,[달서구급대-달서특별구급(구급차)][AVL 입력자(달서특별구급)]출동보고
죽전119안전센터,1,1000001027,출동보고,2024-08-01 6:19,4,2024-08-01 6:19,[죽전119-죽전구급(구급차)][AVL 입력자(죽전구급)]출동보고
죽전119안전센터,1,1000001027,현장도착보고,2024-08-01 6:23,11,2024-08-01 6:23,[죽전119-죽전구급(구급차)][AVL 입력자(죽전구급)]현장도착보고
죽전119안전센터,2,1000000837,출동보고,2024-08-01 6:20,6,2024-08-01 6:20,[죽전119-죽전펌프(펌프차)][AVL 입력자(죽전펌프)]출동보고
화원119안전센터,1,1000001044,출동보고,2024-08-01 6:20,4,2024-08-01 6:20,[화원119-화원구급(구급차)][AVL 입력자(화원구급)]출동보고
화원119안전센터,1,1000001044,현장도착보고,2024-08-01 6:25,5,2024-08-01 6:25,[화원119-화원구급(구급차)][AVL 입력자(화원구급)]현장도착보고
읍내119안전센터,1,1000001207,출동보고,2024-08-01 6:23,5,2024-08-01 6:23,[읍내119-읍내구급(구급차)][AVL 입력자(읍내구급)]출동보고
읍내119안전센터,1,1000001207,현장도착보고,2024-08-01 6:27,6,2024-08-01 6:27,[읍내119-읍내구급(구급차)][AVL 입력자(읍내구급)]현장도착보고
읍내119안전센터,1,1000001030,현장도착보고,2024-08-01 6:28,4,2024-08-01 6:28,[읍내119-읍내펌프(호)(펌프차)][AVL 입력자(읍내펌프(호))]현장도착보고
읍내119안전센터,1,1000001030,출동보고,2024-08-01 6:24,3,2024-08-01 6:24,[읍내119-읍내펌프(호)(펌프차)][AVL 입력자(읍내펌프(호))]출동보고
월성119안전센터,1,1000001032,현장도착보고,2024-08-01 6:28,4,2024-08-01 6:28,[월성119-월성펌프(호)(펌프차)][AVL 입력자(월성펌프(호))]현장도착보고
월성119안전센터,1,1000001032,출동보고,2024-08-01 6:25,3,2024-08-01 6:25,[월성119-월성펌프(호)(펌프차)][AVL 입력자(월성펌프(호))]출동보고
송현119안전센터,2,1000001067,현장도착보고,2024-08-01 6:38,10,2024-08-01 6:38,[송현119-송현구급(구급차)][AVL 입력자(송현구급)]현장도착보고
가창119안전센터,1,1000000960,출동보고,2024-08-01 6:34,6,2024-08-01 6:34,[가창119-가창펌프(호)(펌프차)][AVL 입력자(가창펌프(호))]출동보고
가창119안전센터,1,1000000960,현장도착보고,2024-08-01 6:49,8,2024-08-01 6:49,[가창119-가창펌프(호)(펌프차)][AVL 입력자(가창펌프(호))]현장도착보고
강북구급대,1,1000001208,출동보고,2024-08-01 6:37,6,2024-08-01 6:37,[강북구급대-강북본대1차(구급차)][AVL 입력자(강북본대1차)]출동보고
강북구급대,1,1000001208,현장도착보고,2024-08-01 6:43,7,2024-08-01 6:43,[강북구급대-강북본대1차(구급차)][AVL 입력자(강북본대1차)]현장도착보고
중부구급대,1,1000001073,현장도착보고,2024-08-01 6:43,4,2024-08-01 6:43,[중부구급대-중부본대1차(구급차)][AVL 입력자(중부본대1차)]현장도착보고
중부구급대,1,1000001073,출동보고,2024-08-01 6:41,3,2024-08-01 6:41,[중부구급대-중부본대1차(구급차)][AVL 입력자(중부본대1차)]출동보고
죽전119안전센터,1,1000000837,현장도착보고,2024-08-01 6:43,4,2024-08-01 6:43,[죽전119-죽전펌프(펌프차)][AVL 입력자(죽전펌프)]현장도착보고
죽전119안전센터,1,1000000837,출동보고,2024-08-01 6:40,3,2024-08-01 6:40,[죽전119-죽전펌프(펌프차)][AVL 입력자(죽전펌프)]출동보고
대현119안전센터,1,1000001206,현장도착보고,2024-08-01 6:52,5,2024-08-01 6:52,[대현119-대현구급(구급차)][AVL 입력자(대현구급)]현장도착보고
대현119안전센터,1,1000001206,출동보고,2024-08-01 6:49,4,2024-08-01 6:49,[대현119-대현구급(구급차)][AVL 입력자(대현구급)]출동보고
대명119지역대,1,1000001072,현장도착보고,2024-08-01 6:52,4,2024-08-01 6:52,[대명지역대-대명구급(구급차)][AVL 입력자(대명구급)]현장도착보고
대명119지역대,1,1000001072,출동보고,2024-08-01 6:49,3,2024-08-01 6:49,[대명지역대-대명구급(구급차)][AVL 입력자(대명구급)]출동보고
옥포119안전센터,1,1000001069,출동보고,2024-08-01 6:52,3,2024-08-01 6:52,[옥포119-옥포구급(구급차)][AVL 입력자(옥포구급)]출동보고
옥포119안전센터,1,1000001069,현장도착보고,2024-08-01 6:55,5,2024-08-01 6:55,[옥포119-옥포구급(구급차)][AVL 입력자(옥포구급)]현장도착보고
만촌119안전센터,1,1000001217,출동보고,2024-08-01 6:56,3,2024-08-01 6:56,[만촌119-만촌특별구급(구급차)][AVL 입력자(만촌특별구급)]출동보고
만촌119안전센터,1,1000001217,현장도착보고,2024-08-01 7:06,4,2024-08-01 7:06,[만촌119-만촌특별구급(구급차)][AVL 입력자(만촌특별구급)]현장도착보고
동부구급대,2,1000000999,출동보고,2024-08-01 6:58,8,2024-08-01 6:58,[동부구급대-동부특별구급(2차)(구급차)][AVL 입력자(동부특별구급(2차))]출동보고
동부구급대,2,1000000999,현장도착보고,2024-08-01 7:02,12,2024-08-01 7:02,[동부구급대-동부특별구급(2차)(구급차)][AVL 입력자(동부특별구급(2차))]현장도착보고
복현119지역대,1,1000001077,현장도착보고,2024-08-01 7:02,11,2024-08-01 7:02,[복현지역대-복현구급(구급차)][AVL 입력자(복현구급)]현장도착보고
복현119지역대,1,1000001077,출동보고,2024-08-01 6:57,5,2024-08-01 6:57,[복현지역대-복현구급(구급차)][AVL 입력자(복현구급)]출동보고
복현119지역대,2,1000001242,현장도착보고,2024-08-01 7:00,10,2024-08-01 7:00,[복현지역대-복현펌프(카)(펌프차)][AVL 입력자(복현펌프(카))]현장도착보고
복현119지역대,2,1000001242,출동보고,2024-08-01 6:58,7,2024-08-01 6:58,[복현지역대-복현펌프(카)(펌프차)][AVL 입력자(복현펌프(카))]출동보고
이현119안전센터,1,1000001150,출동보고,2024-08-01 7:02,4,2024-08-01 7:02,[이현119-이현구급(구급차)][AVL 입력자(이현구급)]출동보고
이현119안전센터,1,1000001150,현장도착보고,2024-08-01 7:05,5,2024-08-01 7:05,[이현119-이현구급(구급차)][AVL 입력자(이현구급)]현장도착보고
논공119안전센터,1,1000001204,출동보고,2024-08-01 7:05,4,2024-08-01 7:05,[논공119-논공특별구급(구급차)][AVL 입력자(논공특별구급)]출동보고
논공119안전센터,1,1000001204,현장도착보고,2024-08-01 7:12,5,2024-08-01 7:12,[논공119-논공특별구급(구급차)][AVL 입력자(논공특별구급)]현장도착보고
본리119안전센터,1,1000001029,출동보고,2024-08-01 7:10,6,2024-08-01 7:10,[본리119-본리구급(구급차)][AVL 입력자(본리구급)]출동보고
본리119안전센터,1,1000001029,현장도착보고,2024-08-01 7:16,7,2024-08-01 7:16,[본리119-본리구급(구급차)][AVL 입력자(본리구급)]현장도착보고
대현119안전센터,2,1000000825,출동보고,2024-08-01 7:13,10,2024-08-01 7:13,[대현119-대현펌프(펌프차)][AVL 입력자(대현펌프)]출동보고
대현119안전센터,2,1000000825,현장도착보고,2024-08-01 7:16,14,2024-08-01 7:16,[대현119-대현펌프(펌프차)][AVL 입력자(대현펌프)]현장도착보고
북부구조대,1,1000000775,현장도착보고,2024-08-01 7:17,16,2024-08-01 7:17,[북부구조대-북부구조공작(구조대차)][AVL 입력자(북부구조공작)]현장도착보고
북부구조대,1,1000000775,출동보고,2024-08-01 7:12,9,2024-08-01 7:12,[북부구조대-북부구조공작(구조대차)][AVL 입력자(북부구조공작)]출동보고
산격119안전센터,1,1000001148,현장도착보고,2024-08-01 7:16,15,2024-08-01 7:16,[산격119-산격구급(구급차)][AVL 입력자(산격구급)]현장도착보고
산격119안전센터,1,1000001148,출동보고,2024-08-01 7:11,7,2024-08-01 7:11,[산격119-산격구급(구급차)][AVL 입력자(산격구급)]출동보고
명덕119안전센터,2,1000000995,출동보고,2024-08-01 7:15,7,2024-08-01 7:15,[명덕119-명덕구급(구급차)][AVL 입력자(명덕구급)]출동보고
명덕119안전센터,2,1000000995,현장도착보고,2024-08-01 7:21,9,2024-08-01 7:21,[명덕119-명덕구급(구급차)][AVL 입력자(명덕구급)]현장도착보고
성명119안전센터,1,1000001051,출동보고,2024-08-01 7:12,5,2024-08-01 7:12,[성명119-성명펌프1차(카)(펌프차)][AVL 입력자(성명펌프1차(카))]출동보고
성명119안전센터,1,1000001051,현장도착보고,2024-08-01 7:23,10,2024-08-01 7:23,[성명119-성명펌프1차(카)(펌프차)][AVL 입력자(성명펌프1차(카))]현장도착보고
태전119안전센터,1,1000001170,출동보고,2024-08-01 7:12,4,2024-08-01 7:12,[태전119-태전펌프(카)(펌프차)][AVL 입력자(태전펌프(카))]출동보고
태전119안전센터,1,1000001170,현장도착보고,2024-08-01 7:20,6,2024-08-01 7:20,[태전119-태전펌프(카)(펌프차)][AVL 입력자(태전펌프(카))]현장도착보고
율하119안전센터,1,1000000857,출동보고,2024-08-01 7:16,5,2024-08-01 7:16,[율하119-율하구급(구급차)][AVL 입력자(율하구급)]출동보고
율하119안전센터,1,1000000857,현장도착보고,2024-08-01 7:18,6,2024-08-01 7:18,[율하119-율하구급(구급차)][AVL 입력자(율하구급)]현장도착보고
효령119지역대,2,1000001192,현장도착보고,2024-08-01 7:32,9,2024-08-01 7:32,[효령지역대-효령펌프(소형)(펌프차)][AVL 입력자(효령펌프(소형))]현장도착보고
효령119지역대,2,1000001192,출동보고,2024-08-01 7:20,7,2024-08-01 7:20,[효령지역대-효령펌프(소형)(펌프차)][AVL 입력자(효령펌프(소형))]출동보고
수성119안전센터,1,1000001064,출동보고,2024-08-01 7:18,6,2024-08-01 7:18,[수성119-수성센터구급(구급차)][AVL 입력자(수성센터구급)]출동보고
수성119안전센터,1,1000001064,현장도착보고,2024-08-01 7:23,7,2024-08-01 7:23,[수성119-수성센터구급(구급차)][AVL 입력자(수성센터구급)]현장도착보고
달성구급대,1,1000001203,출동보고,2024-08-01 7:21,4,2024-08-01 7:21,[달성구급대-달성본대1차(구급차)][AVL 입력자(달성본대1차)]출동보고
달성구급대,1,1000001203,현장도착보고,2024-08-01 7:41,5,2024-08-01 7:41,[달성구급대-달성본대1차(구급차)][AVL 입력자(달성본대1차)]현장도착보고
무열로119안전센터,1,1000001025,출동보고,2024-08-01 7:22,4,2024-08-01 7:22,[무열로119-무열로구급(구급차)][AVL 입력자(무열로구급)]출동보고
무열로119안전센터,1,1000001025,현장도착보고,2024-08-01 7:26,5,2024-08-01 7:26,[무열로119-무열로구급(구급차)][AVL 입력자(무열로구급)]현장도착보고
부계119지역대,1,1000000969,현장도착보고,2024-08-01 7:34,8,2024-08-01 7:34,[부계지역대-부계펌프(호)(펌프차)][AVL 입력자(부계펌프(호))]현장도착보고
부계119지역대,1,1000001195,현장도착보고,2024-08-01 7:30,7,2024-08-01 7:30,[부계지역대-부계구급(구급차)][AVL 입력자(부계구급)]현장도착보고
의흥119안전센터,1,1000001254,출동보고,2024-08-01 7:24,5,2024-08-01 7:24,[의흥119-의흥구급(구급차)][AVL 입력자(의흥구급)]출동보고
내당119안전센터,1,1000001038,현장도착보고,2024-08-01 7:29,5,2024-08-01 7:29,[내당119-내당구급(구급차)][AVL 입력자(내당구급)]현장도착보고
내당119안전센터,1,1000001038,출동보고,2024-08-01 7:29,4,2024-08-01 7:29,[내당119-내당구급(구급차)][AVL 입력자(내당구급)]출동보고
동부구급대,1,1000001165,출동보고,2024-08-01 7:25,6,2024-08-01 7:25,[동부구급대-동부본대1차(구급차)][AVL 입력자(동부본대1차)]출동보고
대명119지역대,1,1000001072,현장도착보고,2024-08-01 7:30,5,2024-08-01 7:30,[대명지역대-대명구급(구급차)][AVL 입력자(대명구급)]현장도착보고
대명119지역대,1,1000001072,출동보고,2024-08-01 7:26,3,2024-08-01 7:26,[대명지역대-대명구급(구급차)][AVL 입력자(대명구급)]출동보고
동촌119안전센터,1,1000001079,현장도착보고,2024-08-01 7:34,8,2024-08-01 7:34,[동촌119-동촌구급(구급차)][AVL 입력자(동촌구급)]현장도착보고
동촌119안전센터,1,1000001079,출동보고,2024-08-01 7:29,7,2024-08-01 7:29,[동촌119-동촌구급(구급차)][AVL 입력자(동촌구급)]출동보고
무태119안전센터,1,1000001184,출동보고,2024-08-01 7:30,4,2024-08-01 7:30,[무태119-무태펌프(구암2차)(펌프차)][AVL 입력자(무태펌프(구암2차))]출동보고
무태119안전센터,1,1000001184,현장도착보고,2024-08-01 7:35,7,2024-08-01 7:35,[무태119-무태펌프(구암2차)(펌프차)][AVL 입력자(무태펌프(구암2차))]현장도착보고
달성구급대,1,1000001179,출동보고,2024-08-01 7:32,4,2024-08-01 7:32,[달성구급대-달성본대2차(음압)(구급차)][AVL 입력자(달성본대2차(음압))]출동보고
달성구급대,1,1000001179,현장도착보고,2024-08-01 7:35,5,2024-08-01 7:35,[달성구급대-달성본대2차(음압)(구급차)][AVL 입력자(달성본대2차(음압))]현장도착보고
동촌119안전센터,1,1000001037,출동보고,2024-08-01 7:33,5,2024-08-01 7:33,[동촌119-동촌펌프(호)(펌프차)][AVL 입력자(동촌펌프(호))]출동보고
동촌119안전센터,1,1000001037,현장도착보고,2024-08-01 7:43,7,2024-08-01 7:43,[동촌119-동촌펌프(호)(펌프차)][AVL 입력자(동촌펌프(호))]현장도착보고
달서구급대,1,1000001255,출동보고,2024-08-01 7:36,3,2024-08-01 7:36,[달서구급대-달서본대1차(구급차)][AVL 입력자(달서본대1차)]출동보고
달서구급대,1,1000001255,현장도착보고,2024-08-01 7:38,4,2024-08-01 7:38,[달서구급대-달서본대1차(구급차)][AVL 입력자(달서본대1차)]현장도착보고
도원119안전센터,1,1000001159,현장도착보고,2024-08-01 7:42,4,2024-08-01 7:42,[도원119-도원구급(구급차)][AVL 입력자(도원구급)]현장도착보고
도원119안전센터,1,1000001159,출동보고,2024-08-01 7:39,3,2024-08-01 7:39,[도원119-도원구급(구급차)][AVL 입력자(도원구급)]출동보고
복현119지역대,1,1000001077,출동보고,2024-08-01 7:39,5,2024-08-01 7:39,[복현지역대-복현구급(구급차)][AVL 입력자(복현구급)]출동보고
복현119지역대,1,1000001077,현장도착보고,2024-08-01 7:42,6,2024-08-01 7:42,[복현지역대-복현구급(구급차)][AVL 입력자(복현구급)]현장도착보고
대명119지역대,1,1000001072,출동보고,2024-08-01 7:47,5,2024-08-01 7:47,[대명지역대-대명구급(구급차)][AVL 입력자(대명구급)]출동보고
대명119지역대,1,1000001072,현장도착보고,2024-08-01 7:51,10,2024-08-01 7:51,[대명지역대-대명구급(구급차)][AVL 입력자(대명구급)]현장도착보고
금호119안전센터,2,1000001194,출동보고,2024-08-01 7:55,12,2024-08-01 7:55,[금호119-금호펌프(펌프차)][AVL 입력자(금호펌프)]출동보고
금호119안전센터,2,1000001194,현장도착보고,2024-08-01 7:58,13,2024-08-01 7:58,[금호119-금호펌프(펌프차)]현장도착보고
동촌119안전센터,1,1000001037,현장도착보고,2024-08-01 7:50,5,2024-08-01 7:50,[동촌119-동촌펌프(호)(펌프차)][AVL 입력자(동촌펌프(호))]현장도착보고
동촌119안전센터,1,1000001037,출동보고,2024-08-01 7:50,3,2024-08-01 7:50,[동촌119-동촌펌프(호)(펌프차)][AVL 입력자(동촌펌프(호))]출동보고
옥포119안전센터,1,1000000901,현장도착보고,2024-08-01 8:08,6,2024-08-01 8:08,"[옥포119-옥포펌프(호,구조대)(펌프차)][AVL 입력자(옥포펌프(호,구조대))]현장도착보고"
옥포119안전센터,1,1000000901,출동보고,2024-08-01 8:02,5,2024-08-01 8:02,"[옥포119-옥포펌프(호,구조대)(펌프차)][AVL 입력자(옥포펌프(호,구조대))]출동보고"
내당119안전센터,1,1000001038,현장도착보고,2024-08-01 7:57,4,2024-08-01 7:57,[내당119-내당구급(구급차)][AVL 입력자(내당구급)]현장도착보고
내당119안전센터,1,1000001038,출동보고,2024-08-01 7:55,3,2024-08-01 7:55,[내당119-내당구급(구급차)][AVL 입력자(내당구급)]출동보고
동부구급대,1,1000001165,현장도착보고,2024-08-01 8:06,8,2024-08-01 8:06,[동부구급대-동부본대1차(구급차)][AVL 입력자(동부본대1차)]현장도착보고
동부구급대,1,1000001165,출동보고,2024-08-01 8:01,4,2024-08-01 8:01,[동부구급대-동부본대1차(구급차)][AVL 입력자(동부본대1차)]출동보고
북부구급대,1,1000001076,출동보고,2024-08-01 8:03,5,2024-08-01 8:03,[북부구급대-북부특별1차(구급차)][AVL 입력자(북부특별1차)]출동보고
북부구급대,1,1000001076,현장도착보고,2024-08-01 8:07,6,2024-08-01 8:07,[북부구급대-북부특별1차(구급차)][AVL 입력자(북부특별1차)]현장도착보고
구암119안전센터,1,1000001169,현장도착보고,2024-08-01 8:11,4,2024-08-01 8:11,[구암119안전센터-구암펌프1차(카)(펌프차)][AVL 입력자(구암펌프1차(카))]현장도착보고
구암119안전센터,1,1000001169,출동보고,2024-08-01 8:03,3,2024-08-01 8:03,[구암119안전센터-구암펌프1차(카)(펌프차)][AVL 입력자(구암펌프1차(카))]출동보고
불로119안전센터,1,1000000739,출동보고,2024-08-01 8:03,4,2024-08-01 8:03,[불로119-불로구급(구급차)][AVL 입력자(불로구급)]출동보고
불로119안전센터,1,1000000739,현장도착보고,2024-08-01 8:10,5,2024-08-01 8:10,[불로119-불로구급(구급차)][AVL 입력자(불로구급)]현장도착보고
군위119안전센터,1,1000001186,출동보고,2024-08-01 8:06,9,2024-08-01 8:06,[군위119-군위구급(구급차)][AVL 입력자(군위구급)]출동보고
군위119안전센터,1,1000001186,현장도착보고,2024-08-01 8:11,10,2024-08-01 8:11,[군위119-군위구급(구급차)][AVL 입력자(군위구급)]현장도착보고
동부구조대,1,1000000580,출동보고,2024-08-01 8:05,5,2024-08-01 8:05,[동부구조대-동부구조공작(구조대차)][AVL 입력자(동부구조공작)]출동보고
동부구조대,1,1000000580,현장도착보고,2024-08-01 8:39,21,2024-08-01 8:39,[동부구조대-동부구조공작(구조대차)][AVL 입력자(동부구조공작)]현장도착보고
동부구조대,2,1000001016,출동보고,2024-08-01 8:05,7,2024-08-01 8:05,[동부구조대-동부구조버스(구조대차)][AVL 입력자(동부구조버스)]출동보고
만촌119안전센터,1,1000000818,출동보고,2024-08-01 8:05,6,2024-08-01 8:05,[만촌119-만촌펌프(펌프차)][AVL 입력자(만촌펌프)]출동보고
만촌119안전센터,1,1000000818,현장도착보고,2024-08-01 8:10,11,2024-08-01 8:10,[만촌119-만촌펌프(펌프차)][AVL 입력자(만촌펌프)]현장도착보고
황금119안전센터,1,1000001164,현장도착보고,2024-08-01 8:16,13,2024-08-01 8:16,[황금119-황금구급(구급차)][AVL 입력자(황금구급)]현장도착보고
황금119안전센터,1,1000001164,출동보고,2024-08-01 8:07,10,2024-08-01 8:07,[황금119-황금구급(구급차)][AVL 입력자(황금구급)]출동보고
봉덕119안전센터,1,1000001158,현장도착보고,2024-08-01 8:29,9,2024-08-01 8:29,[봉덕119-봉덕구급(구급차)]현장도착보고
상동119안전센터,1,1000000961,현장도착보고,2024-08-01 8:20,7,2024-08-01 8:20,[상동119-상동펌프(호)(펌프차)][AVL 입력자(상동펌프(호))]현장도착보고
상동119안전센터,1,1000000961,출동보고,2024-08-01 8:13,5,2024-08-01 8:13,[상동119-상동펌프(호)(펌프차)][AVL 입력자(상동펌프(호))]출동보고
현풍119안전센터,1,1000000962,현장도착보고,2024-08-01 8:22,9,2024-08-01 8:22,[현풍119-현풍펌프(호)(펌프차)][AVL 입력자(현풍펌프(호))]현장도착보고
현풍119안전센터,1,1000000962,출동보고,2024-08-01 8:12,5,2024-08-01 8:12,[현풍119-현풍펌프(호)(펌프차)][AVL 입력자(현풍펌프(호))]출동보고
논공119안전센터,1,1000001240,출동보고,2024-08-01 8:14,7,2024-08-01 8:14,[논공119-논공펌프(카)(펌프차)][AVL 입력자(논공펌프(카))]출동보고
논공119안전센터,1,1000001240,현장도착보고,2024-08-01 8:17,9,2024-08-01 8:17,[논공119-논공펌프(카)(펌프차)][AVL 입력자(논공펌프(카))]현장도착보고
금호119안전센터,2,1000000967,출동보고,2024-08-01 8:17,9,2024-08-01 8:17,[금호119-금호구급(구급차)][AVL 입력자(금호구급)]출동보고
금호119안전센터,2,1000000967,현장도착보고,2024-08-01 8:23,11,2024-08-01 8:23,[금호119-금호구급(구급차)][AVL 입력자(금호구급)]현장도착보고
다사119안전센터,1,1000001238,현장도착보고,2024-08-01 8:33,14,2024-08-01 8:33,[다사119-다사펌프(카)(펌프차)][AVL 입력자(다사펌프(카))]현장도착보고
다사119안전센터,1,1000001238,출동보고,2024-08-01 8:14,4,2024-08-01 8:14,[다사119-다사펌프(카)(펌프차)][AVL 입력자(다사펌프(카))]출동보고
상동119안전센터,1,1000000965,현장도착보고,2024-08-01 8:22,5,2024-08-01 8:22,[상동119-상동구급(수성예비)(구급차)][AVL 입력자(상동구급(수성예비))]현장도착보고
상동119안전센터,1,1000000965,출동보고,2024-08-01 8:17,4,2024-08-01 8:17,[상동119-상동구급(수성예비)(구급차)][AVL 입력자(상동구급(수성예비))]출동보고
현풍119안전센터,2,1000000962,출동보고,2024-08-01 8:26,7,2024-08-01 8:26,[현풍119-현풍펌프(호)(펌프차)][AVL 입력자(현풍펌프(호))]출동보고
현풍119안전센터,2,1000000962,현장도착보고,2024-08-01 8:40,9,2024-08-01 8:40,[현풍119-현풍펌프(호)(펌프차)][AVL 입력자(현풍펌프(호))]현장도착보고
화원119안전센터,1,1000000813,출동보고,2024-08-01 8:20,5,2024-08-01 8:20,[화원119-화원펌프(펌프차)][AVL 입력자(화원펌프)]출동보고
화원119안전센터,1,1000000813,현장도착보고,2024-08-01 8:24,6,2024-08-01 8:24,[화원119-화원펌프(펌프차)][AVL 입력자(화원펌프)]현장도착보고
복현119지역대,1,1000001077,현장도착보고,2024-08-01 8:32,5,2024-08-01 8:32,[복현지역대-복현구급(구급차)][AVL 입력자(복현구급)]현장도착보고
북부구급대,2,1000001147,출동보고,2024-08-01 8:34,10,2024-08-01 8:34,[북부구급대-북부본대2차(구급차)][AVL 입력자(북부본대2차)]출동보고
북부구급대,2,1000001147,현장도착보고,2024-08-01 8:36,11,2024-08-01 8:36,[북부구급대-북부본대2차(구급차)][AVL 입력자(북부본대2차)]현장도착보고
구지119안전센터,1,1000001146,현장도착보고,2024-08-01 8:36,6,2024-08-01 8:36,[구지119-구지구급(구급차)][AVL 입력자(구지구급)]현장도착보고
구지119안전센터,1,1000001146,출동보고,2024-08-01 8:29,5,2024-08-01 8:29,[구지119-구지구급(구급차)][AVL 입력자(구지구급)]출동보고
서문로119안전센터,1,1000001074,출동보고,2024-08-01 8:29,4,2024-08-01 8:29,[서문로119-서문로구급(구급차)][AVL 입력자(서문로구급)]출동보고
서문로119안전센터,1,1000001074,현장도착보고,2024-08-01 8:36,6,2024-08-01 8:36,[서문로119-서문로구급(구급차)][AVL 입력자(서문로구급)]현장도착보고
중부구급대,1,1000001073,출동보고,2024-08-01 8:27,5,2024-08-01 8:27,[중부구급대-중부본대1차(구급차)][AVL 입력자(중부본대1차)]출동보고
중부구급대,1,1000001073,현장도착보고,2024-08-01 8:32,7,2024-08-01 8:32,[중부구급대-중부본대1차(구급차)][AVL 입력자(중부본대1차)]현장도착보고
율하119안전센터,1,1000000857,출동보고,2024-08-01 8:37,4,2024-08-01 8:37,[율하119-율하구급(구급차)][AVL 입력자(율하구급)]출동보고
율하119안전센터,1,1000000857,현장도착보고,2024-08-01 8:37,5,2024-08-01 8:37,[율하119-율하구급(구급차)][AVL 입력자(율하구급)]현장도착보고
옥포119안전센터,1,1000001069,현장도착보고,2024-08-01 8:36,5,2024-08-01 8:36,[옥포119-옥포구급(구급차)][AVL 입력자(옥포구급)]현장도착보고
옥포119안전센터,1,1000001069,출동보고,2024-08-01 8:33,4,2024-08-01 8:33,[옥포119-옥포구급(구급차)][AVL 입력자(옥포구급)]출동보고
도원119안전센터,1,1000001159,현장도착보고,2024-08-01 8:39,5,2024-08-01 8:39,[도원119-도원구급(구급차)][AVL 입력자(도원구급)]현장도착보고
도원119안전센터,1,1000001159,출동보고,2024-08-01 8:34,3,2024-08-01 8:34,[도원119-도원구급(구급차)][AVL 입력자(도원구급)]출동보고
태전119안전센터,1,1000001170,현장도착보고,2024-08-01 8:40,7,2024-08-01 8:40,[태전119-태전펌프(카)(펌프차)][AVL 입력자(태전펌프(카))]현장도착보고
태전119안전센터,1,1000001170,출동보고,2024-08-01 8:34,4,2024-08-01 8:34,[태전119-태전펌프(카)(펌프차)][AVL 입력자(태전펌프(카))]출동보고
송현119안전센터,1,1000001067,출동보고,2024-08-01 8:38,4,2024-08-01 8:38,[송현119-송현구급(구급차)][AVL 입력자(송현구급)]출동보고
송현119안전센터,1,1000001067,현장도착보고,2024-08-01 8:43,5,2024-08-01 8:43,[송현119-송현구급(구급차)][AVL 입력자(송현구급)]현장도착보고
도원119안전센터,1,1000000723,현장도착보고,2024-08-01 8:45,8,2024-08-01 8:45,[도원119-도원펌프(호)(펌프차)][AVL 입력자(도원펌프(호))]현장도착보고
도원119안전센터,1,1000000723,출동보고,2024-08-01 8:38,4,2024-08-01 8:38,[도원119-도원펌프(호)(펌프차)][AVL 입력자(도원펌프(호))]출동보고
수성119안전센터,1,1000001064,출동보고,2024-08-01 8:40,5,2024-08-01 8:40,[수성119-수성센터구급(구급차)][AVL 입력자(수성센터구급)]출동보고
수성119안전센터,1,1000001064,현장도착보고,2024-08-01 8:48,7,2024-08-01 8:48,[수성119-수성센터구급(구급차)]현장도착보고
가창119안전센터,1,1000000960,현장도착보고,2024-08-01 8:49,6,2024-08-01 8:49,[가창119-가창펌프(호)(펌프차)][AVL 입력자(가창펌프(호))]현장도착보고
가창119안전센터,1,1000000960,출동보고,2024-08-01 8:42,4,2024-08-01 8:42,[가창119-가창펌프(호)(펌프차)][AVL 입력자(가창펌프(호))]출동보고
119종합상황실,1,1000000789,현장도착보고,2024-08-01 8:40,3,2024-08-01 8:40,[종합상황실-위치추적15(특수차)]현장도착보고
화원119안전센터,2,1000001044,출동보고,2024-08-01 8:56,9,2024-08-01 8:56,[화원119-화원구급(구급차)][AVL 입력자(화원구급)]출동보고
강서구조대,34,1000000754,현장도착보고,2024-08-01 15:07,150,2024-08-01 15:07,[강서구조대-강서구조공작(구조대차)][AVL 입력자(강서구조공작)]현장도착보고
강서구조대,38,1000000752,현장도착보고,2024-08-01 15:14,153,2024-08-01 15:14,[강서구조대-강서구조버스(구조대차)]현장도착보고
달성구조대,2,1000000778,출동보고,2024-08-01 8:52,8,2024-08-01 8:52,[달성구조대-달성구조공작(구조대차)][AVL 입력자(달성구조공작)]출동보고
명덕119안전센터,36,1000000951,현장도착보고,2024-08-01 15:01,144,2024-08-01 15:01,[명덕119-명덕탱크(탱크차)][AVL 입력자(명덕탱크)]현장도착보고
명덕119안전센터,36,1000000951,출동보고,2024-08-01 15:01,143,2024-08-01 15:01,[명덕119-명덕탱크(탱크차)][AVL 입력자(명덕탱크)]출동보고
무열로119안전센터,42,1000000830,출동보고,2024-08-01 16:29,173,2024-08-01 16:29,[무열로119-무열로펌프(펌프차)][AVL 입력자(무열로펌프)]출동보고
송현119안전센터,39,1000000141,현장도착보고,2024-08-01 15:48,160,2024-08-01 15:48,[송현119-송현펌프(호)(펌프차)]현장도착보고
신천119안전센터,26,1000000687,출동보고,2024-08-01 14:40,124,2024-08-01 14:40,[신천119-신천탱크(탱크차)][AVL 입력자(신천탱크)]출동보고
고산119안전센터,5,1000000828,출동보고,2024-08-01 9:48,12,2024-08-01 9:48,[고산119-고산펌프(호)(펌프차)][AVL 입력자(고산펌프(호))]출동보고
고산119안전센터,5,1000000828,현장도착보고,2024-08-01 10:00,13,2024-08-01 10:00,[고산119-고산펌프(호)(펌프차)][AVL 입력자(고산펌프(호))]현장도착보고
구암119안전센터,6,1000001175,출동보고,2024-08-01 15:45,18,2024-08-01 15:45,[구암119안전센터-구암화학(화학차)][AVL 입력자(구암화학)]출동보고
강북구급대,33,1000001208,출동보고,2024-08-01 15:34,141,2024-08-01 15:34,[강북구급대-강북본대1차(구급차)][AVL 입력자(강북본대1차)]출동보고
공산119안전센터,10,1000000738,출동보고,2024-08-01 12:14,75,2024-08-01 12:14,[공산119-공산구급(구급차)][AVL 입력자(공산구급)]출동보고
달성구급대,18,1000001179,출동보고,2024-08-01 11:44,65,2024-08-01 11:44,[달성구급대-달성본대2차(음압)(구급차)][AVL 입력자(달성본대2차(음압))]출동보고
대천119안전센터,27,1000001160,출동보고,2024-08-01 14:40,123,2024-08-01 14:40,[대천119-대천구급(구급차)][AVL 입력자(대천구급)]출동보고
대현119안전센터,28,1000001206,출동보고,2024-08-01 14:20,115,2024-08-01 14:20,[대현119-대현구급(구급차)][AVL 입력자(대현구급)]출동보고
만촌119안전센터,40,1000001217,출동보고,2024-08-01 16:56,176,2024-08-01 16:56,[만촌119-만촌특별구급(구급차)][AVL 입력자(만촌특별구급)]출동보고
명덕119안전센터,30,1000000995,출동보고,2024-08-01 14:34,118,2024-08-01 14:34,[명덕119-명덕구급(구급차)][AVL 입력자(명덕구급)]출동보고
부계119지역대,21,1000001195,출동보고,2024-08-01 11:55,72,2024-08-01 11:55,[부계지역대-부계구급(구급차)][AVL 입력자(부계구급)]출동보고
불로119안전센터,11,1000000739,출동보고,2024-08-01 10:18,36,2024-08-01 10:18,[불로119-불로구급(구급차)][AVL 입력자(불로구급)]출동보고
송현119안전센터,34,1000001067,출동보고,2024-08-01 14:20,114,2024-08-01 14:20,[송현119-송현구급(구급차)][AVL 입력자(송현구급)]출동보고
죽전119안전센터,7,1000001027,출동보고,2024-08-01 9:54,20,2024-08-01 9:54,[죽전119-죽전구급(구급차)][AVL 입력자(죽전구급)]출동보고
중부구급대,46,1000001157,출동보고,2024-08-01 16:40,169,2024-08-01 16:40,[중부구급대-중부특별(본대2차)(구급차)][AVL 입력자(중부특별(본대2차))]출동보고
태전119안전센터,41,1000001149,출동보고,2024-08-01 15:59,151,2024-08-01 15:59,[태전119-태전구급(구급차)][AVL 입력자(태전구급)]출동보고
죽전119안전센터,1,1000001027,현장도착보고,2024-08-01 8:54,5,2024-08-01 8:54,[죽전119-죽전구급(구급차)][AVL 입력자(죽전구급)]현장도착보고
죽전119안전센터,1,1000001027,출동보고,2024-08-01 8:51,4,2024-08-01 8:51,[죽전119-죽전구급(구급차)][AVL 입력자(죽전구급)]출동보고
안심119안전센터,1,1000000811,현장도착보고,2024-08-01 9:01,6,2024-08-01 9:01,[안심119-안심펌프(호)(펌프차)][AVL 입력자(안심펌프(호))]현장도착보고
안심119안전센터,1,1000000811,출동보고,2024-08-01 8:54,5,2024-08-01 8:54,[안심119-안심펌프(호)(펌프차)][AVL 입력자(안심펌프(호))]출동보고
읍내119안전센터,1,1000001207,현장도착보고,2024-08-01 8:57,7,2024-08-01 8:57,[읍내119-읍내구급(구급차)][AVL 입력자(읍내구급)]현장도착보고
읍내119안전센터,1,1000001207,출동보고,2024-08-01 8:53,5,2024-08-01 8:53,[읍내119-읍내구급(구급차)][AVL 입력자(읍내구급)]출동보고
안심119안전센터,1,1000001210,현장도착보고,2024-08-01 8:59,4,2024-08-01 8:59,[안심119-안심특별구급(구급차)][AVL 입력자(안심특별구급)]현장도착보고
안심119안전센터,1,1000001210,출동보고,2024-08-01 8:56,3,2024-08-01 8:56,[안심119-안심특별구급(구급차)][AVL 입력자(안심특별구급)]출동보고
상동119안전센터,1,1000000961,출동보고,2024-08-01 8:58,4,2024-08-01 8:58,[상동119-상동펌프(호)(펌프차)][AVL 입력자(상동펌프(호))]출동보고
상동119안전센터,1,1000000961,현장도착보고,2024-08-01 9:04,5,2024-08-01 9:04,[상동119-상동펌프(호)(펌프차)][AVL 입력자(상동펌프(호))]현장도착보고
성서119안전센터,1,1000001162,출동보고,2024-08-01 9:05,4,2024-08-01 9:05,[성서119-성서구급(구급차)][AVL 입력자(성서구급)]출동보고
성서119안전센터,1,1000001162,현장도착보고,2024-08-01 9:05,5,2024-08-01 9:05,[성서119-성서구급(구급차)][AVL 입력자(성서구급)]현장도착보고
옥포119안전센터,1,1000000901,출동보고,2024-08-01 9:03,4,2024-08-01 9:03,"[옥포119-옥포펌프(호,구조대)(펌프차)][AVL 입력자(옥포펌프(호,구조대))]출동보고"
옥포119안전센터,1,1000000901,현장도착보고,2024-08-01 9:10,5,2024-08-01 9:10,"[옥포119-옥포펌프(호,구조대)(펌프차)][AVL 입력자(옥포펌프(호,구조대))]현장도착보고"
송현119안전센터,1,1000000141,출동보고,2024-08-01 9:06,5,2024-08-01 9:06,[송현119-송현펌프(호)(펌프차)][AVL 입력자(송현펌프(호))]출동보고
송현119안전센터,1,1000000141,현장도착보고,2024-08-01 9:06,6,2024-08-01 9:06,[송현119-송현펌프(호)(펌프차)][AVL 입력자(송현펌프(호))]현장도착보고
본리119안전센터,1,1000001029,현장도착보고,2024-08-01 9:14,4,2024-08-01 9:14,[본리119-본리구급(구급차)][AVL 입력자(본리구급)]현장도착보고
본리119안전센터,1,1000001029,출동보고,2024-08-01 9:06,3,2024-08-01 9:06,[본리119-본리구급(구급차)][AVL 입력자(본리구급)]출동보고
매곡119안전센터,1,1000001161,출동보고,2024-08-01 9:05,3,2024-08-01 9:05,[매곡119-매곡구급(구급차)][AVL 입력자(매곡구급)]출동보고
매곡119안전센터,1,1000001161,현장도착보고,2024-08-01 9:09,5,2024-08-01 9:09,[매곡119-매곡구급(구급차)][AVL 입력자(매곡구급)]현장도착보고
동부구급대,1,1000001165,출동보고,2024-08-01 9:07,5,2024-08-01 9:07,[동부구급대-동부본대1차(구급차)][AVL 입력자(동부본대1차)]출동보고
동부구급대,1,1000001165,현장도착보고,2024-08-01 9:10,6,2024-08-01 9:10,[동부구급대-동부본대1차(구급차)][AVL 입력자(동부본대1차)]현장도착보고
고산119안전센터,1,1000001205,출동보고,2024-08-01 9:08,4,2024-08-01 9:08,[고산119-고산구급(구급차)][AVL 입력자(고산구급)]출동보고
고산119안전센터,1,1000001205,현장도착보고,2024-08-01 9:15,5,2024-08-01 9:15,[고산119-고산구급(구급차)][AVL 입력자(고산구급)]현장도착보고
태전119안전센터,1,1000001170,출동보고,2024-08-01 9:09,4,2024-08-01 9:09,[태전119-태전펌프(카)(펌프차)][AVL 입력자(태전펌프(카))]출동보고
태전119안전센터,1,1000001170,현장도착보고,2024-08-01 9:19,5,2024-08-01 9:19,[태전119-태전펌프(카)(펌프차)][AVL 입력자(태전펌프(카))]현장도착보고
달성구급대,1,1000001203,출동보고,2024-08-01 9:10,4,2024-08-01 9:10,[달성구급대-달성본대1차(구급차)][AVL 입력자(달성본대1차)]출동보고
송현119안전센터,2,1000000141,출동보고,2024-08-01 9:20,7,2024-08-01 9:20,[송현119-송현펌프(호)(펌프차)][AVL 입력자(송현펌프(호))]출동보고
송현119안전센터,2,1000000141,현장도착보고,2024-08-01 9:31,8,2024-08-01 9:31,[송현119-송현펌프(호)(펌프차)][AVL 입력자(송현펌프(호))]현장도착보고
내당119안전센터,2,1000001038,출동보고,2024-08-01 9:11,10,2024-08-01 9:11,[내당119-내당구급(구급차)][AVL 입력자(내당구급)]출동보고
달서구조대,1,1000001048,출동보고,2024-08-01 9:11,8,2024-08-01 9:11,[달서구조대-달서구조공작(구조대차)][AVL 입력자(달서구조공작)]출동보고
본리119안전센터,1,1000000705,출동보고,2024-08-01 9:10,4,2024-08-01 9:10,[본리119-본리펌프1차(펌프차)][AVL 입력자(본리펌프1차)]출동보고
본리119안전센터,1,1000000705,현장도착보고,2024-08-01 9:12,11,2024-08-01 9:12,[본리119-본리펌프1차(펌프차)][AVL 입력자(본리펌프1차)]현장도착보고
성명119안전센터,1,1000001026,현장도착보고,2024-08-01 9:20,20,2024-08-01 9:20,[성명119-성명구급(구급차)][AVL 입력자(성명구급)]현장도착보고
성명119안전센터,1,1000001026,출동보고,2024-08-01 9:11,9,2024-08-01 9:11,[성명119-성명구급(구급차)][AVL 입력자(성명구급)]출동보고
명덕119안전센터,1,1000000995,출동보고,2024-08-01 9:14,7,2024-08-01 9:14,[명덕119-명덕구급(구급차)][AVL 입력자(명덕구급)]출동보고
봉덕119안전센터,2,1000001158,현장도착보고,2024-08-01 9:23,18,2024-08-01 9:23,[봉덕119-봉덕구급(구급차)]현장도착보고
만촌119안전센터,2,1000000818,출동보고,2024-08-01 9:17,7,2024-08-01 9:17,[만촌119-만촌펌프(펌프차)][AVL 입력자(만촌펌프)]출동보고
만촌119안전센터,2,1000000818,현장도착보고,2024-08-01 9:29,9,2024-08-01 9:29,[만촌119-만촌펌프(펌프차)][AVL 입력자(만촌펌프)]현장도착보고
만촌119안전센터,1,1000001217,현장도착보고,2024-08-01 9:26,5,2024-08-01 9:26,[만촌119-만촌특별구급(구급차)][AVL 입력자(만촌특별구급)]현장도착보고
만촌119안전센터,1,1000001217,출동보고,2024-08-01 9:16,3,2024-08-01 9:16,[만촌119-만촌특별구급(구급차)][AVL 입력자(만촌특별구급)]출동보고
침산119안전센터,1,1000001024,출동보고,2024-08-01 9:16,3,2024-08-01 9:16,[침산119-침산구급(구급차)][AVL 입력자(침산구급)]출동보고
침산119안전센터,1,1000001024,현장도착보고,2024-08-01 9:18,5,2024-08-01 9:18,[침산119-침산구급(구급차)][AVL 입력자(침산구급)]현장도착보고
대천119안전센터,1,1000001160,현장도착보고,2024-08-01 9:27,5,2024-08-01 9:27,[대천119-대천구급(구급차)][AVL 입력자(대천구급)]현장도착보고
대천119안전센터,1,1000001160,출동보고,2024-08-01 9:19,4,2024-08-01 9:19,[대천119-대천구급(구급차)][AVL 입력자(대천구급)]출동보고
고산119안전센터,2,1000001042,출동보고,2024-08-01 9:25,6,2024-08-01 9:25,[고산119-고산탱크(탱크차)][AVL 입력자(고산탱크)]출동보고
고산119안전센터,2,1000001042,현장도착보고,2024-08-01 9:34,7,2024-08-01 9:34,[고산119-고산탱크(탱크차)][AVL 입력자(고산탱크)]현장도착보고
현풍119안전센터,2,1000000838,출동보고,2024-08-01 9:27,6,2024-08-01 9:27,[현풍119-현풍조연(특수차)][AVL 입력자(현풍조연)]출동보고
강서구급대,1,1000001080,출동보고,2024-08-01 9:26,5,2024-08-01 9:26,[강서구급대-강서본대1차(구급차)][AVL 입력자(강서본대1차)]출동보고
강서구급대,1,1000001080,현장도착보고,2024-08-01 9:32,10,2024-08-01 9:32,[강서구급대-강서본대1차(구급차)][AVL 입력자(강서본대1차)]현장도착보고
강서구조대,1,1000000754,출동보고,2024-08-01 9:32,8,2024-08-01 9:32,[강서구조대-강서구조공작(구조대차)][AVL 입력자(강서구조공작)]출동보고
달서구급대,2,1000000996,현장도착보고,2024-08-01 9:27,11,2024-08-01 9:27,[달서구급대-달서특별구급(구급차)][AVL 입력자(달서특별구급)]현장도착보고
달서구급대,2,1000000996,출동보고,2024-08-01 9:26,7,2024-08-01 9:26,[달서구급대-달서특별구급(구급차)][AVL 입력자(달서특별구급)]출동보고
도원119안전센터,2,1000000723,출동보고,2024-08-01 9:26,10,2024-08-01 9:26,[도원119-도원펌프(호)(펌프차)][AVL 입력자(도원펌프(호))]출동보고
도원119안전센터,2,1000000723,현장도착보고,2024-08-01 9:31,16,2024-08-01 9:31,[도원119-도원펌프(호)(펌프차)][AVL 입력자(도원펌프(호))]현장도착보고
도원119안전센터,3,1000001159,현장도착보고,2024-08-01 9:31,17,2024-08-01 9:31,[도원119-도원구급(구급차)]현장도착보고
도원119안전센터,3,1000001159,출동보고,2024-08-01 9:27,13,2024-08-01 9:27,[도원119-도원구급(구급차)][AVL 입력자(도원구급)]출동보고
죽전119안전센터,1,1000001027,출동보고,2024-08-01 9:25,6,2024-08-01 9:25,[죽전119-죽전구급(구급차)][AVL 입력자(죽전구급)]출동보고
읍내119안전센터,1,1000001030,현장도착보고,2024-08-01 9:37,6,2024-08-01 9:37,[읍내119-읍내펌프(호)(펌프차)][AVL 입력자(읍내펌프(호))]현장도착보고
읍내119안전센터,1,1000001030,출동보고,2024-08-01 9:29,5,2024-08-01 9:29,[읍내119-읍내펌프(호)(펌프차)][AVL 입력자(읍내펌프(호))]출동보고
대신119안전센터,1,1000000915,출동보고,2024-08-01 9:29,4,2024-08-01 9:29,[대신119-대신펌프(카)(펌프차)][AVL 입력자(대신펌프(카))]출동보고
대신119안전센터,2,1000000895,현장도착보고,2024-08-01 9:41,10,2024-08-01 9:41,[대신119-대신경량펌프(카)(펌프차)][AVL 입력자(대신경량펌프(카))]현장도착보고
대신119안전센터,2,1000000895,출동보고,2024-08-01 9:33,9,2024-08-01 9:33,[대신119-대신경량펌프(카)(펌프차)][AVL 입력자(대신경량펌프(카))]출동보고
무태119안전센터,1,1000001184,현장도착보고,2024-08-01 9:39,6,2024-08-01 9:39,[무태119-무태펌프(구암2차)(펌프차)][AVL 입력자(무태펌프(구암2차))]현장도착보고
무태119안전센터,1,1000001184,출동보고,2024-08-01 9:29,5,2024-08-01 9:29,[무태119-무태펌프(구암2차)(펌프차)][AVL 입력자(무태펌프(구암2차))]출동보고
가창119안전센터,1,1000000960,현장도착보고,2024-08-01 9:47,7,2024-08-01 9:47,[가창119-가창펌프(호)(펌프차)][AVL 입력자(가창펌프(호))]현장도착보고
가창119안전센터,1,1000000960,출동보고,2024-08-01 9:29,5,2024-08-01 9:29,[가창119-가창펌프(호)(펌프차)][AVL 입력자(가창펌프(호))]출동보고
노원119안전센터,1,1000001253,출동보고,2024-08-01 9:32,6,2024-08-01 9:32,[노원119-노원구급(구급차)][AVL 입력자(노원구급)]출동보고
노원119안전센터,1,1000001253,현장도착보고,2024-08-01 9:34,7,2024-08-01 9:34,[노원119-노원구급(구급차)][AVL 입력자(노원구급)]현장도착보고
본리119안전센터,1,1000000705,출동보고,2024-08-01 9:31,3,2024-08-01 9:31,[본리119-본리펌프1차(펌프차)][AVL 입력자(본리펌프1차)]출동보고
본리119안전센터,1,1000000705,현장도착보고,2024-08-01 9:39,4,2024-08-01 9:39,[본리119-본리펌프1차(펌프차)][AVL 입력자(본리펌프1차)]현장도착보고
상동119안전센터,1,1000000965,출동보고,2024-08-01 9:33,3,2024-08-01 9:33,[상동119-상동구급(수성예비)(구급차)][AVL 입력자(상동구급(수성예비))]출동보고
상동119안전센터,1,1000000965,현장도착보고,2024-08-01 9:41,4,2024-08-01 9:41,[상동119-상동구급(수성예비)(구급차)][AVL 입력자(상동구급(수성예비))]현장도착보고
동촌119안전센터,1,1000001079,현장도착보고,2024-08-01 9:48,5,2024-08-01 9:48,[동촌119-동촌구급(구급차)][AVL 입력자(동촌구급)]현장도착보고
송현119안전센터,1,1000000141,현장도착보고,2024-08-01 9:40,4,2024-08-01 9:40,[송현119-송현펌프(호)(펌프차)][AVL 입력자(송현펌프(호))]현장도착보고
송현119안전센터,1,1000000141,출동보고,2024-08-01 9:34,3,2024-08-01 9:34,[송현119-송현펌프(호)(펌프차)][AVL 입력자(송현펌프(호))]출동보고
성명119안전센터,2,1000001026,출동보고,2024-08-01 9:39,7,2024-08-01 9:39,[성명119-성명구급(구급차)][AVL 입력자(성명구급)]출동보고
성명119안전센터,2,1000001026,현장도착보고,2024-08-01 9:46,8,2024-08-01 9:46,[성명119-성명구급(구급차)][AVL 입력자(성명구급)]현장도착보고
죽전119안전센터,1,1000001027,출동보고,2024-08-01 9:36,4,2024-08-01 9:36,[죽전119-죽전구급(구급차)][AVL 입력자(죽전구급)]출동보고
무열로119안전센터,1,1000001025,현장도착보고,2024-08-01 9:44,7,2024-08-01 9:44,[무열로119-무열로구급(구급차)][AVL 입력자(무열로구급)]현장도착보고
무열로119안전센터,1,1000001025,출동보고,2024-08-01 9:36,5,2024-08-01 9:36,[무열로119-무열로구급(구급차)][AVL 입력자(무열로구급)]출동보고
칠성119안전센터,1,1000000947,출동보고,2024-08-01 9:36,3,2024-08-01 9:36,[칠성119-칠성탱크(탱크차)][AVL 입력자(칠성탱크)]출동보고
의흥119안전센터,1,1000001254,출동보고,2024-08-01 9:39,4,2024-08-01 9:39,[의흥119-의흥구급(구급차)][AVL 입력자(의흥구급)]출동보고
의흥119안전센터,1,1000001254,현장도착보고,2024-08-01 9:58,5,2024-08-01 9:58,[의흥119-의흥구급(구급차)][AVL 입력자(의흥구급)]현장도착보고
구지119안전센터,1,1000000949,출동보고,2024-08-01 9:41,4,2024-08-01 9:41,[구지119-구지탱크(탱크차)][AVL 입력자(구지탱크)]출동보고
구지119안전센터,1,1000000949,현장도착보고,2024-08-01 9:45,18,2024-08-01 9:45,[구지119-구지탱크(탱크차)][AVL 입력자(구지탱크)]현장도착보고
구지119안전센터,1,1000001035,출동보고,2024-08-01 9:41,7,2024-08-01 9:41,[구지119-구지펌프(호)(펌프차)][AVL 입력자(구지펌프(호))]출동보고
구지119안전센터,1,1000001035,현장도착보고,2024-08-01 9:45,15,2024-08-01 9:45,[구지119-구지펌프(호)(펌프차)][AVL 입력자(구지펌프(호))]현장도착보고
달성구급대,1,1000001203,출동보고,2024-08-01 9:42,9,2024-08-01 9:42,[달성구급대-달성본대1차(구급차)][AVL 입력자(달성본대1차)]출동보고
달성구조대,1,1000000778,출동보고,2024-08-01 9:42,12,2024-08-01 9:42,[달성구조대-달성구조공작(구조대차)][AVL 입력자(달성구조공작)]출동보고
현장지휘단,1,1000000593,출동보고,2024-08-01 9:42,8,2024-08-01 9:42,[현장지휘단-달성화재조사(화재조사차)][AVL 입력자(달성화재조사)]출동보고
현장지휘단,1,1000000593,현장도착보고,2024-08-01 9:49,26,2024-08-01 9:49,[현장지휘단-달성화재조사(화재조사차)]현장도착보고
현장지휘단,1,1000000868,출동보고,2024-08-01 9:42,10,2024-08-01 9:42,[현장지휘단-달성현장지휘(지휘차)][AVL 입력자(달성현장지휘)]출동보고
현장지휘단,1,1000000868,현장도착보고,2024-08-01 9:48,25,2024-08-01 9:48,[현장지휘단-달성현장지휘(지휘차)][AVL 입력자(달성현장지휘)]현장도착보고
현풍119안전센터,1,1000000962,출동보고,2024-08-01 9:42,11,2024-08-01 9:42,[현풍119-현풍펌프(호)(펌프차)][AVL 입력자(현풍펌프(호))]출동보고
명덕119안전센터,1,1000000995,출동보고,2024-08-01 9:44,6,2024-08-01 9:44,[명덕119-명덕구급(구급차)][AVL 입력자(명덕구급)]출동보고
명덕119안전센터,1,1000000995,현장도착보고,2024-08-01 9:51,10,2024-08-01 9:51,[명덕119-명덕구급(구급차)][AVL 입력자(명덕구급)]현장도착보고
봉덕119안전센터,2,1000000956,현장도착보고,2024-08-01 9:51,11,2024-08-01 9:51,[봉덕119-봉덕펌프(호)(펌프차)][AVL 입력자(봉덕펌프(호))]현장도착보고
봉덕119안전센터,2,1000000956,출동보고,2024-08-01 9:45,8,2024-08-01 9:45,[봉덕119-봉덕펌프(호)(펌프차)][AVL 입력자(봉덕펌프(호))]출동보고
산격119안전센터,1,1000001148,현장도착보고,2024-08-01 9:51,4,2024-08-01 9:51,[산격119-산격구급(구급차)][AVL 입력자(산격구급)]현장도착보고
산격119안전센터,1,1000001148,출동보고,2024-08-01 9:46,3,2024-08-01 9:46,[산격119-산격구급(구급차)][AVL 입력자(산격구급)]출동보고
현풍119안전센터,3,1000000729,출동보고,2024-08-01 9:56,10,2024-08-01 9:56,[현풍119-현풍탱크(탱크차)][AVL 입력자(현풍탱크)]출동보고
현풍119안전센터,3,1000000729,현장도착보고,2024-08-01 10:07,11,2024-08-01 10:07,[현풍119-현풍탱크(탱크차)][AVL 입력자(현풍탱크)]현장도착보고
논공119안전센터,1,1000001240,출동보고,2024-08-01 9:52,4,2024-08-01 9:52,[논공119-논공펌프(카)(펌프차)][AVL 입력자(논공펌프(카))]출동보고
논공119안전센터,1,1000001240,현장도착보고,2024-08-01 9:52,5,2024-08-01 9:52,[논공119-논공펌프(카)(펌프차)]현장도착보고
중부구급대,1,1000001073,출동보고,2024-08-01 9:50,5,2024-08-01 9:50,[중부구급대-중부본대1차(구급차)][AVL 입력자(중부본대1차)]출동보고
율하119안전센터,1,1000000959,현장도착보고,2024-08-01 10:23,4,2024-08-01 10:23,[율하119-율하펌프(호)(펌프차)]현장도착보고
삼덕119안전센터,1,1000001075,출동보고,2024-08-01 9:52,3,2024-08-01 9:52,[삼덕119-삼덕구급(구급차)][AVL 입력자(삼덕구급)]출동보고
내당119안전센터,2,1000001038,현장도착보고,2024-08-01 9:56,10,2024-08-01 9:56,[내당119-내당구급(구급차)][AVL 입력자(내당구급)]현장도착보고
내당119안전센터,2,1000001038,출동보고,2024-08-01 9:53,8,2024-08-01 9:53,[내당119-내당구급(구급차)][AVL 입력자(내당구급)]출동보고
하빈119지역대,1,1000000834,출동보고,2024-08-01 9:54,4,2024-08-01 9:54,[하빈지역대-하빈펌프(호)(펌프차)][AVL 입력자(하빈펌프(호))]출동보고
하빈119지역대,1,1000000834,현장도착보고,2024-08-01 10:15,5,2024-08-01 10:15,[하빈지역대-하빈펌프(호)(펌프차)][AVL 입력자(하빈펌프(호))]현장도착보고
강서구급대,1,1000001082,현장도착보고,2024-08-01 9:55,3,2024-08-01 9:55,[강서구급대-강서특별(본대2차)(구급차)]현장도착보고
불로119안전센터,1,1000001088,현장도착보고,2024-08-01 10:03,6,2024-08-01 10:03,[불로119-불로펌프(카)(펌프차)][AVL 입력자(불로펌프(카))]현장도착보고
불로119안전센터,1,1000001088,출동보고,2024-08-01 9:56,5,2024-08-01 9:56,[불로119-불로펌프(카)(펌프차)][AVL 입력자(불로펌프(카))]출동보고
현풍119안전센터,1,1000000838,현장도착보고,2024-08-01 10:24,5,2024-08-01 10:24,[현풍119-현풍조연(특수차)]현장도착보고
현풍119안전센터,1,1000000838,출동보고,2024-08-01 10:00,4,2024-08-01 10:00,[현풍119-현풍조연(특수차)][AVL 입력자(현풍조연)]출동보고
동부구급대,2,1000000999,출동보고,2024-08-01 10:00,6,2024-08-01 10:00,[동부구급대-동부특별구급(2차)(구급차)][AVL 입력자(동부특별구급(2차))]출동보고
동촌119안전센터,1,1000001037,출동보고,2024-08-01 10:00,7,2024-08-01 10:00,[동촌119-동촌펌프(호)(펌프차)][AVL 입력자(동촌펌프(호))]출동보고
복현119지역대,1,1000001077,현장도착보고,2024-08-01 10:05,13,2024-08-01 10:05,[복현지역대-복현구급(구급차)]현장도착보고
복현119지역대,1,1000001077,출동보고,2024-08-01 10:00,8,2024-08-01 10:00,[복현지역대-복현구급(구급차)][AVL 입력자(복현구급)]출동보고
죽전119안전센터,1,1000000837,현장도착보고,2024-08-01 10:06,6,2024-08-01 10:06,[죽전119-죽전펌프(펌프차)][AVL 입력자(죽전펌프)]현장도착보고
죽전119안전센터,1,1000000837,출동보고,2024-08-01 9:58,4,2024-08-01 9:58,[죽전119-죽전펌프(펌프차)][AVL 입력자(죽전펌프)]출동보고
만촌119안전센터,2,1000001217,현장도착보고,2024-08-01 10:10,14,2024-08-01 10:10,[만촌119-만촌특별구급(구급차)][AVL 입력자(만촌특별구급)]현장도착보고
만촌119안전센터,2,1000001217,출동보고,2024-08-01 10:03,9,2024-08-01 10:03,[만촌119-만촌특별구급(구급차)][AVL 입력자(만촌특별구급)]출동보고
만촌119안전센터,3,1000001217,현장도착보고,2024-08-01 10:18,21,2024-08-01 10:18,[만촌119-만촌특별구급(구급차)]현장도착보고
수성구급대,1,1000001163,출동보고,2024-08-01 10:01,4,2024-08-01 10:01,[수성구급대-수성본대1차(구급차)][AVL 입력자(수성본대1차)]출동보고
수성구급대,1,1000001163,현장도착보고,2024-08-01 10:06,12,2024-08-01 10:06,[수성구급대-수성본대1차(구급차)][AVL 입력자(수성본대1차)]현장도착보고
수성구급대,3,1000001065,현장도착보고,2024-08-01 10:18,23,2024-08-01 10:18,[수성구급대-수성본대2차(구급차)]현장도착보고
수성구급대,3,1000001163,현장도착보고,2024-08-01 10:18,22,2024-08-01 10:18,[수성구급대-수성본대1차(구급차)]현장도착보고
만촌119안전센터,3,1000001217,현장도착보고,2024-08-01 10:12,12,2024-08-01 10:12,[만촌119-만촌특별구급(구급차)][AVL 입력자(만촌특별구급)]현장도착보고
수성구급대,1,1000001065,출동보고,2024-08-01 10:04,4,2024-08-01 10:04,[수성구급대-수성본대2차(구급차)][AVL 입력자(수성본대2차)]출동보고
수성구급대,1,1000001065,현장도착보고,2024-08-01 10:14,13,2024-08-01 10:14,[수성구급대-수성본대2차(구급차)][AVL 입력자(수성본대2차)]현장도착보고
황금119안전센터,2,1000001164,출동보고,2024-08-01 10:07,6,2024-08-01 10:07,[황금119-황금구급(구급차)][AVL 입력자(황금구급)]출동보고
현풍119안전센터,1,1000000962,출동보고,2024-08-01 10:14,6,2024-08-01 10:14,[현풍119-현풍펌프(호)(펌프차)][AVL 입력자(현풍펌프(호))]출동보고
현풍119안전센터,1,1000000962,현장도착보고,2024-08-01 10:18,9,2024-08-01 10:18,[현풍119-현풍펌프(호)(펌프차)][AVL 입력자(현풍펌프(호))]현장도착보고
율하119안전센터,1,1000000857,출동보고,2024-08-01 10:09,4,2024-08-01 10:09,[율하119-율하구급(구급차)][AVL 입력자(율하구급)]출동보고
율하119안전센터,1,1000000857,현장도착보고,2024-08-01 10:16,7,2024-08-01 10:16,[율하119-율하구급(구급차)][AVL 입력자(율하구급)]현장도착보고
동부구급대,1,1000001165,출동보고,2024-08-01 10:10,4,2024-08-01 10:10,[동부구급대-동부본대1차(구급차)][AVL 입력자(동부본대1차)]출동보고
동부구급대,1,1000001165,현장도착보고,2024-08-01 10:26,5,2024-08-01 10:26,[동부구급대-동부본대1차(구급차)][AVL 입력자(동부본대1차)]현장도착보고
중부구급대,1,1000001073,현장도착보고,2024-08-01 10:19,6,2024-08-01 10:19,[중부구급대-중부본대1차(구급차)][AVL 입력자(중부본대1차)]현장도착보고
중부구급대,1,1000001073,출동보고,2024-08-01 10:12,5,2024-08-01 10:12,[중부구급대-중부본대1차(구급차)][AVL 입력자(중부본대1차)]출동보고
고산119안전센터,1,1000001205,출동보고,2024-08-01 10:14,6,2024-08-01 10:14,[고산119-고산구급(구급차)][AVL 입력자(고산구급)]출동보고
고산119안전센터,1,1000001205,현장도착보고,2024-08-01 10:24,11,2024-08-01 10:24,[고산119-고산구급(구급차)][AVL 입력자(고산구급)]현장도착보고
대명119지역대,2,1000001072,출동보고,2024-08-01 10:14,6,2024-08-01 10:14,[대명지역대-대명구급(구급차)][AVL 입력자(대명구급)]출동보고
대명119지역대,2,1000001072,현장도착보고,2024-08-01 10:19,8,2024-08-01 10:19,[대명지역대-대명구급(구급차)][AVL 입력자(대명구급)]현장도착보고
비산119안전센터,1,1000001151,출동보고,2024-08-01 10:14,4,2024-08-01 10:14,[비산119-비산구급(구급차)][AVL 입력자(비산구급)]출동보고
공산119안전센터,1,1000000827,출동보고,2024-08-01 10:15,5,2024-08-01 10:15,"[공산119-공산펌프(호,구조대)(펌프차)][AVL 입력자(공산펌프(호,구조대))]출동보고"
공산119안전센터,1,1000000827,현장도착보고,2024-08-01 10:27,9,2024-08-01 10:27,"[공산119-공산펌프(호,구조대)(펌프차)][AVL 입력자(공산펌프(호,구조대))]현장도착보고"
공산119안전센터,2,1000000592,출동보고,2024-08-01 10:17,7,2024-08-01 10:17,[공산119-공산순찰(순찰차)][AVL 입력자(공산순찰)]출동보고
공산119안전센터,2,1000000592,현장도착보고,2024-08-01 10:27,8,2024-08-01 10:27,[공산119-공산순찰(순찰차)][AVL 입력자(공산순찰)]현장도착보고
비산119안전센터,2,1000001151,출동보고,2024-08-01 10:15,6,2024-08-01 10:15,[비산119-비산구급(구급차)][AVL 입력자(비산구급)]출동보고
비산119안전센터,2,1000001151,현장도착보고,2024-08-01 10:17,7,2024-08-01 10:17,[비산119-비산구급(구급차)][AVL 입력자(비산구급)]현장도착보고
매곡119안전센터,1,1000000908,출동보고,2024-08-01 10:16,3,2024-08-01 10:16,[매곡119-매곡펌프(호)(펌프차)][AVL 입력자(매곡펌프(호))]출동보고
하빈119지역대,2,1000000834,출동보고,2024-08-01 10:17,8,2024-08-01 10:17,[하빈지역대-하빈펌프(호)(펌프차)][AVL 입력자(하빈펌프(호))]출동보고
하빈119지역대,2,1000000834,현장도착보고,2024-08-01 10:22,9,2024-08-01 10:22,[하빈지역대-하빈펌프(호)(펌프차)][AVL 입력자(하빈펌프(호))]현장도착보고
대현119안전센터,1,1000001206,출동보고,2024-08-01 10:19,4,2024-08-01 10:19,[대현119-대현구급(구급차)][AVL 입력자(대현구급)]출동보고
대현119안전센터,1,1000001206,현장도착보고,2024-08-01 10:24,6,2024-08-01 10:24,[대현119-대현구급(구급차)][AVL 입력자(대현구급)]현장도착보고
서문로119안전센터,1,1000001074,현장도착보고,2024-08-01 10:27,4,2024-08-01 10:27,[서문로119-서문로구급(구급차)][AVL 입력자(서문로구급)]현장도착보고
서문로119안전센터,1,1000001074,출동보고,2024-08-01 10:21,3,2024-08-01 10:21,[서문로119-서문로구급(구급차)][AVL 입력자(서문로구급)]출동보고
현풍119안전센터,2,1000000838,현장도착보고,2024-08-01 10:52,8,2024-08-01 10:52,[현풍119-현풍조연(특수차)]현장도착보고
수성119안전센터,1,1000001064,현장도착보고,2024-08-01 10:32,8,2024-08-01 10:32,[수성119-수성센터구급(구급차)][AVL 입력자(수성센터구급)]현장도착보고
수성119안전센터,1,1000001064,출동보고,2024-08-01 10:23,3,2024-08-01 10:23,[수성119-수성센터구급(구급차)][AVL 입력자(수성센터구급)]출동보고
효령119지역대,2,1000001192,현장도착보고,2024-08-01 10:37,10,2024-08-01 10:37,[효령지역대-효령펌프(소형)(펌프차)][AVL 입력자(효령펌프(소형))]현장도착보고
구암119안전센터,1,1000001169,현장도착보고,2024-08-01 10:33,5,2024-08-01 10:33,[구암119안전센터-구암펌프1차(카)(펌프차)][AVL 입력자(구암펌프1차(카))]현장도착보고
구암119안전센터,1,1000001169,출동보고,2024-08-01 10:25,3,2024-08-01 10:25,[구암119안전센터-구암펌프1차(카)(펌프차)][AVL 입력자(구암펌프1차(카))]출동보고
무열로119안전센터,2,1000001025,현장도착보고,2024-08-01 10:29,9,2024-08-01 10:29,[무열로119-무열로구급(구급차)][AVL 입력자(무열로구급)]현장도착보고
무열로119안전센터,2,1000001025,출동보고,2024-08-01 10:27,6,2024-08-01 10:27,[무열로119-무열로구급(구급차)][AVL 입력자(무열로구급)]출동보고
공산119안전센터,2,1000000592,출동보고,2024-08-01 10:41,7,2024-08-01 10:41,[공산119-공산순찰(순찰차)][AVL 입력자(공산순찰)]출동보고
공산119안전센터,2,1000000592,현장도착보고,2024-08-01 10:51,11,2024-08-01 10:51,[공산119-공산순찰(순찰차)][AVL 입력자(공산순찰)]현장도착보고
공산119안전센터,2,1000000827,출동보고,2024-08-01 10:46,8,2024-08-01 10:46,"[공산119-공산펌프(호,구조대)(펌프차)][AVL 입력자(공산펌프(호,구조대))]출동보고"
공산119안전센터,2,1000000827,현장도착보고,2024-08-01 10:48,9,2024-08-01 10:48,"[공산119-공산펌프(호,구조대)(펌프차)][AVL 입력자(공산펌프(호,구조대))]현장도착보고"
수성구급대,1,1000001065,출동보고,2024-08-01 10:35,5,2024-08-01 10:35,[수성구급대-수성본대2차(구급차)][AVL 입력자(수성본대2차)]출동보고
수성구급대,1,1000001065,현장도착보고,2024-08-01 10:36,6,2024-08-01 10:36,[수성구급대-수성본대2차(구급차)][AVL 입력자(수성본대2차)]현장도착보고
본리119안전센터,1,1000001029,현장도착보고,2024-08-01 10:34,6,2024-08-01 10:34,[본리119-본리구급(구급차)][AVL 입력자(본리구급)]현장도착보고
본리119안전센터,1,1000001029,출동보고,2024-08-01 10:30,5,2024-08-01 10:30,[본리119-본리구급(구급차)][AVL 입력자(본리구급)]출동보고
태전119안전센터,1,1000001170,현장도착보고,2024-08-01 10:31,5,2024-08-01 10:31,[태전119-태전펌프(카)(펌프차)][AVL 입력자(태전펌프(카))]현장도착보고
죽전119안전센터,1,1000000837,현장도착보고,2024-08-01 10:33,5,2024-08-01 10:33,[죽전119-죽전펌프(펌프차)][AVL 입력자(죽전펌프)]현장도착보고
죽전119안전센터,1,1000000837,출동보고,2024-08-01 10:29,4,2024-08-01 10:29,[죽전119-죽전펌프(펌프차)][AVL 입력자(죽전펌프)]출동보고
가창119안전센터,1,1000000960,현장도착보고,2024-08-01 10:42,6,2024-08-01 10:42,[가창119-가창펌프(호)(펌프차)][AVL 입력자(가창펌프(호))]현장도착보고
가창119안전센터,1,1000000960,출동보고,2024-08-01 10:33,5,2024-08-01 10:33,[가창119-가창펌프(호)(펌프차)][AVL 입력자(가창펌프(호))]출동보고
논공119안전센터,1,1000000822,출동보고,2024-08-01 10:33,8,2024-08-01 10:33,[논공119-논공탱크(탱크차)][AVL 입력자(논공탱크)]출동보고
달성구급대,1,1000001203,현장도착보고,2024-08-01 10:41,25,2024-08-01 10:41,[달성구급대-달성본대1차(구급차)][AVL 입력자(달성본대1차)]현장도착보고
달성구급대,1,1000001203,출동보고,2024-08-01 10:34,14,2024-08-01 10:34,[달성구급대-달성본대1차(구급차)][AVL 입력자(달성본대1차)]출동보고
달성구조대,1,1000000778,출동보고,2024-08-01 10:35,16,2024-08-01 10:35,[달성구조대-달성구조공작(구조대차)][AVL 입력자(달성구조공작)]출동보고
달성구조대,1,1000000778,현장도착보고,2024-08-01 10:40,22,2024-08-01 10:40,[달성구조대-달성구조공작(구조대차)][AVL 입력자(달성구조공작)]현장도착보고
현장지휘단,1,1000000593,출동보고,2024-08-01 10:33,9,2024-08-01 10:33,[현장지휘단-달성화재조사(화재조사차)][AVL 입력자(달성화재조사)]출동보고
현장지휘단,1,1000000593,현장도착보고,2024-08-01 10:41,23,2024-08-01 10:41,[현장지휘단-달성화재조사(화재조사차)][AVL 입력자(달성화재조사)]현장도착보고
현장지휘단,1,1000000868,현장도착보고,2024-08-01 10:41,24,2024-08-01 10:41,[현장지휘단-달성현장지휘(지휘차)][AVL 입력자(달성현장지휘)]현장도착보고
현장지휘단,1,1000000868,출동보고,2024-08-01 10:33,11,2024-08-01 10:33,[현장지휘단-달성현장지휘(지휘차)][AVL 입력자(달성현장지휘)]출동보고
현풍119안전센터,1,1000000729,현장도착보고,2024-08-01 10:46,33,2024-08-01 10:46,[현풍119-현풍탱크(탱크차)]현장도착보고
현풍119안전센터,1,1000000729,출동보고,2024-08-01 10:33,10,2024-08-01 10:33,[현풍119-현풍탱크(탱크차)][AVL 입력자(현풍탱크)]출동보고
현풍119안전센터,1,1000000962,출동보고,2024-08-01 10:33,7,2024-08-01 10:33,[현풍119-현풍펌프(호)(펌프차)][AVL 입력자(현풍펌프(호))]출동보고
현풍119안전센터,1,1000000962,현장도착보고,2024-08-01 10:46,34,2024-08-01 10:46,[현풍119-현풍펌프(호)(펌프차)]현장도착보고
동촌119안전센터,1,1000001037,현장도착보고,2024-08-01 10:41,5,2024-08-01 10:41,[동촌119-동촌펌프(호)(펌프차)][AVL 입력자(동촌펌프(호))]현장도착보고
부계119지역대,1,1000000969,출동보고,2024-08-01 10:34,4,2024-08-01 10:34,[부계지역대-부계펌프(호)(펌프차)][AVL 입력자(부계펌프(호))]출동보고
부계119지역대,1,1000000969,현장도착보고,2024-08-01 10:41,6,2024-08-01 10:41,[부계지역대-부계펌프(호)(펌프차)]현장도착보고
부계119지역대,1,1000001195,현장도착보고,2024-08-01 10:41,5,2024-08-01 10:41,[부계지역대-부계구급(구급차)]현장도착보고
이현119안전센터,1,1000001150,출동보고,2024-08-01 10:36,5,2024-08-01 10:36,[이현119-이현구급(구급차)][AVL 입력자(이현구급)]출동보고
이현119안전센터,1,1000001150,현장도착보고,2024-08-01 10:44,6,2024-08-01 10:44,[이현119-이현구급(구급차)][AVL 입력자(이현구급)]현장도착보고
논공119안전센터,2,1000001240,출동보고,2024-08-01 10:48,11,2024-08-01 10:48,[논공119-논공펌프(카)(펌프차)][AVL 입력자(논공펌프(카))]출동보고
논공119안전센터,2,1000001240,현장도착보고,2024-08-01 10:50,12,2024-08-01 10:50,[논공119-논공펌프(카)(펌프차)][AVL 입력자(논공펌프(카))]현장도착보고
만촌119안전센터,1,1000001217,현장도착보고,2024-08-01 10:41,6,2024-08-01 10:41,[만촌119-만촌특별구급(구급차)][AVL 입력자(만촌특별구급)]현장도착보고
만촌119안전센터,1,1000001217,출동보고,2024-08-01 10:37,4,2024-08-01 10:37,[만촌119-만촌특별구급(구급차)][AVL 입력자(만촌특별구급)]출동보고
공산119안전센터,1,1000000592,현장도착보고,2024-08-01 10:40,6,2024-08-01 10:40,[공산119-공산순찰(순찰차)][AVL 입력자(공산순찰)]현장도착보고
공산119안전센터,1,1000000592,출동보고,2024-08-01 10:40,3,2024-08-01 10:40,[공산119-공산순찰(순찰차)][AVL 입력자(공산순찰)]출동보고
공산119안전센터,1,1000000827,출동보고,2024-08-01 10:40,5,2024-08-01 10:40,"[공산119-공산펌프(호,구조대)(펌프차)][AVL 입력자(공산펌프(호,구조대))]출동보고"
태전119안전센터,1,1000001170,출동보고,2024-08-01 10:39,3,2024-08-01 10:39,[태전119-태전펌프(카)(펌프차)][AVL 입력자(태전펌프(카))]출동보고
태전119안전센터,1,1000001170,현장도착보고,2024-08-01 10:55,4,2024-08-01 10:55,[태전119-태전펌프(카)(펌프차)][AVL 입력자(태전펌프(카))]현장도착보고
비산119안전센터,1,1000001049,현장도착보고,2024-08-01 10:44,5,2024-08-01 10:44,[비산119-비산펌프(카)(펌프차)]현장도착보고
하빈119지역대,2,1000000834,현장도착보고,2024-08-01 11:34,12,2024-08-01 11:34,[하빈지역대-하빈펌프(호)(펌프차)][AVL 입력자(하빈펌프(호))]현장도착보고
하빈119지역대,2,1000000834,출동보고,2024-08-01 10:57,7,2024-08-01 10:57,[하빈지역대-하빈펌프(호)(펌프차)][AVL 입력자(하빈펌프(호))]출동보고
불로119안전센터,1,1000001088,현장도착보고,2024-08-01 10:55,5,2024-08-01 10:55,[불로119-불로펌프(카)(펌프차)][AVL 입력자(불로펌프(카))]현장도착보고
불로119안전센터,1,1000001088,출동보고,2024-08-01 10:55,4,2024-08-01 10:55,[불로119-불로펌프(카)(펌프차)][AVL 입력자(불로펌프(카))]출동보고
매곡119안전센터,1,1000000908,현장도착보고,2024-08-01 10:46,6,2024-08-01 10:46,[매곡119-매곡펌프(호)(펌프차)][AVL 입력자(매곡펌프(호))]현장도착보고
매곡119안전센터,1,1000000908,출동보고,2024-08-01 10:43,4,2024-08-01 10:43,[매곡119-매곡펌프(호)(펌프차)][AVL 입력자(매곡펌프(호))]출동보고
황금119안전센터,1,1000001164,출동보고,2024-08-01 10:46,3,2024-08-01 10:46,[황금119-황금구급(구급차)][AVL 입력자(황금구급)]출동보고
황금119안전센터,1,1000001164,현장도착보고,2024-08-01 10:53,4,2024-08-01 10:53,[황금119-황금구급(구급차)][AVL 입력자(황금구급)]현장도착보고
서부구급대,1,1000001218,출동보고,2024-08-01 10:47,5,2024-08-01 10:47,[서부구급대-서부본대1차(구급차)][AVL 입력자(서부본대1차)]출동보고
서부구급대,1,1000001218,현장도착보고,2024-08-01 10:49,11,2024-08-01 10:49,[서부구급대-서부본대1차(구급차)][AVL 입력자(서부본대1차)]현장도착보고
서부구급대,2,1000001152,출동보고,2024-08-01 10:47,7,2024-08-01 10:47,[서부구급대-서부특별(구급차)][AVL 입력자(서부특별)]출동보고
서부구급대,2,1000001152,현장도착보고,2024-08-01 10:50,12,2024-08-01 10:50,[서부구급대-서부특별(구급차)][AVL 입력자(서부특별)]현장도착보고
평리119안전센터,1,1000000957,현장도착보고,2024-08-01 10:50,13,2024-08-01 10:50,[평리119-평리펌프(호)(펌프차)][AVL 입력자(평리펌프(호))]현장도착보고
평리119안전센터,1,1000000957,출동보고,2024-08-01 10:48,8,2024-08-01 10:48,[평리119-평리펌프(호)(펌프차)][AVL 입력자(평리펌프(호))]출동보고
성서119안전센터,1,1000001162,출동보고,2024-08-01 10:49,4,2024-08-01 10:49,[성서119-성서구급(구급차)][AVL 입력자(성서구급)]출동보고
성서119안전센터,1,1000001162,현장도착보고,2024-08-01 10:52,6,2024-08-01 10:52,[성서119-성서구급(구급차)][AVL 입력자(성서구급)]현장도착보고
서부구조대,2,1000001007,현장도착보고,2024-08-01 11:02,11,2024-08-01 11:02,[서부구조대-서부구조공작(구조대차)]현장도착보고
서부구조대,2,1000001007,출동보고,2024-08-01 10:53,7,2024-08-01 10:53,[서부구조대-서부구조공작(구조대차)][AVL 입력자(서부구조공작)]출동보고
서부구조대,2,1000001071,현장도착보고,2024-08-01 11:02,12,2024-08-01 11:02,[서부구조대-서부구조버스(구조대차)]현장도착보고
태전119안전센터,1,1000001149,출동보고,2024-08-01 10:51,5,2024-08-01 10:51,[태전119-태전구급(구급차)][AVL 입력자(태전구급)]출동보고
태전119안전센터,1,1000001149,현장도착보고,2024-08-01 10:56,8,2024-08-01 10:56,[태전119-태전구급(구급차)][AVL 입력자(태전구급)]현장도착보고
복현119지역대,1,1000001077,출동보고,2024-08-01 10:53,4,2024-08-01 10:53,[복현지역대-복현구급(구급차)][AVL 입력자(복현구급)]출동보고
복현119지역대,1,1000001077,현장도착보고,2024-08-01 10:59,5,2024-08-01 10:59,[복현지역대-복현구급(구급차)][AVL 입력자(복현구급)]현장도착보고
상동119안전센터,1,1000000961,현장도착보고,2024-08-01 11:02,5,2024-08-01 11:02,[상동119-상동펌프(호)(펌프차)][AVL 입력자(상동펌프(호))]현장도착보고
상동119안전센터,1,1000000961,출동보고,2024-08-01 10:57,4,2024-08-01 10:57,[상동119-상동펌프(호)(펌프차)][AVL 입력자(상동펌프(호))]출동보고
북부구급대,1,1000001076,현장도착보고,2024-08-01 11:00,5,2024-08-01 11:00,[북부구급대-북부특별1차(구급차)][AVL 입력자(북부특별1차)]현장도착보고
북부구급대,1,1000001076,출동보고,2024-08-01 10:57,4,2024-08-01 10:57,[북부구급대-북부특별1차(구급차)][AVL 입력자(북부특별1차)]출동보고
효령119지역대,1,1000001192,출동보고,2024-08-01 10:57,3,2024-08-01 10:57,[효령지역대-효령펌프(소형)(펌프차)][AVL 입력자(효령펌프(소형))]출동보고
효령119지역대,1,1000001192,현장도착보고,2024-08-01 11:07,7,2024-08-01 11:07,[효령지역대-효령펌프(소형)(펌프차)][AVL 입력자(효령펌프(소형))]현장도착보고
읍내119안전센터,1,1000001030,출동보고,2024-08-01 10:57,4,2024-08-01 10:57,[읍내119-읍내펌프(호)(펌프차)][AVL 입력자(읍내펌프(호))]출동보고
읍내119안전센터,1,1000001030,현장도착보고,2024-08-01 11:07,5,2024-08-01 11:07,[읍내119-읍내펌프(호)(펌프차)]현장도착보고
송현119안전센터,1,1000001067,출동보고,2024-08-01 10:58,5,2024-08-01 10:58,[송현119-송현구급(구급차)][AVL 입력자(송현구급)]출동보고
송현119안전센터,1,1000001067,현장도착보고,2024-08-01 11:06,7,2024-08-01 11:06,[송현119-송현구급(구급차)][AVL 입력자(송현구급)]현장도착보고
율하119안전센터,1,1000000857,출동보고,2024-08-01 10:57,5,2024-08-01 10:57,[율하119-율하구급(구급차)][AVL 입력자(율하구급)]출동보고
태전119안전센터,1,1000001170,출동보고,2024-08-01 11:00,3,2024-08-01 11:00,[태전119-태전펌프(카)(펌프차)][AVL 입력자(태전펌프(카))]출동보고
태전119안전센터,1,1000001170,현장도착보고,2024-08-01 11:03,5,2024-08-01 11:03,[태전119-태전펌프(카)(펌프차)][AVL 입력자(태전펌프(카))]현장도착보고
안심119안전센터,1,1000000811,출동보고,2024-08-01 11:01,4,2024-08-01 11:01,[안심119-안심펌프(호)(펌프차)][AVL 입력자(안심펌프(호))]출동보고
안심119안전센터,1,1000000811,현장도착보고,2024-08-01 11:11,5,2024-08-01 11:11,[안심119-안심펌프(호)(펌프차)][AVL 입력자(안심펌프(호))]현장도착보고
대천119안전센터,1,1000001160,현장도착보고,2024-08-01 11:15,6,2024-08-01 11:15,[대천119-대천구급(구급차)][AVL 입력자(대천구급)]현장도착보고
대천119안전센터,1,1000001160,출동보고,2024-08-01 11:05,3,2024-08-01 11:05,[대천119-대천구급(구급차)][AVL 입력자(대천구급)]출동보고
본리119안전센터,1,1000001029,현장도착보고,2024-08-01 11:15,9,2024-08-01 11:15,[본리119-본리구급(구급차)][AVL 입력자(본리구급)]현장도착보고
본리119안전센터,1,1000001029,출동보고,2024-08-01 11:10,7,2024-08-01 11:10,[본리119-본리구급(구급차)][AVL 입력자(본리구급)]출동보고
동부구조대,1,1000000580,현장도착보고,2024-08-01 11:20,13,2024-08-01 11:20,[동부구조대-동부구조공작(구조대차)]현장도착보고
동부구조대,1,1000001016,출동보고,2024-08-01 11:06,5,2024-08-01 11:06,[동부구조대-동부구조버스(구조대차)][AVL 입력자(동부구조버스)]출동보고
동부구조대,1,1000001016,현장도착보고,2024-08-01 11:19,12,2024-08-01 11:19,[동부구조대-동부구조버스(구조대차)][AVL 입력자(동부구조버스)]현장도착보고
동촌119안전센터,2,1000001079,현장도착보고,2024-08-01 11:19,11,2024-08-01 11:19,[동촌119-동촌구급(구급차)][AVL 입력자(동촌구급)]현장도착보고
동촌119안전센터,2,1000001079,출동보고,2024-08-01 11:07,8,2024-08-01 11:07,[동촌119-동촌구급(구급차)][AVL 입력자(동촌구급)]출동보고
불로119안전센터,1,1000001088,현장도착보고,2024-08-01 11:12,9,2024-08-01 11:12,[불로119-불로펌프(카)(펌프차)][AVL 입력자(불로펌프(카))]현장도착보고
불로119안전센터,1,1000001088,출동보고,2024-08-01 11:06,3,2024-08-01 11:06,[불로119-불로펌프(카)(펌프차)][AVL 입력자(불로펌프(카))]출동보고
무태119안전센터,1,1000001184,출동보고,2024-08-01 11:15,4,2024-08-01 11:15,[무태119-무태펌프(구암2차)(펌프차)][AVL 입력자(무태펌프(구암2차))]출동보고
무태119안전센터,1,1000001184,현장도착보고,2024-08-01 11:25,5,2024-08-01 11:25,[무태119-무태펌프(구암2차)(펌프차)][AVL 입력자(무태펌프(구암2차))]현장도착보고
매곡119안전센터,1,1000001161,현장도착보고,2024-08-01 11:20,4,2024-08-01 11:20,[매곡119-매곡구급(구급차)][AVL 입력자(매곡구급)]현장도착보고
매곡119안전센터,1,1000001161,출동보고,2024-08-01 11:15,3,2024-08-01 11:15,[매곡119-매곡구급(구급차)][AVL 입력자(매곡구급)]출동보고
내당119안전센터,1,1000001038,출동보고,2024-08-01 11:17,5,2024-08-01 11:17,[내당119-내당구급(구급차)][AVL 입력자(내당구급)]출동보고
내당119안전센터,1,1000001038,현장도착보고,2024-08-01 11:20,6,2024-08-01 11:20,[내당119-내당구급(구급차)][AVL 입력자(내당구급)]현장도착보고
옥포119안전센터,1,1000000901,현장도착보고,2024-08-01 11:25,6,2024-08-01 11:25,"[옥포119-옥포펌프(호,구조대)(펌프차)][AVL 입력자(옥포펌프(호,구조대))]현장도착보고"
옥포119안전센터,1,1000000901,출동보고,2024-08-01 11:20,4,2024-08-01 11:20,"[옥포119-옥포펌프(호,구조대)(펌프차)][AVL 입력자(옥포펌프(호,구조대))]출동보고"
동부구급대,1,1000001165,출동보고,2024-08-01 11:19,6,2024-08-01 11:19,[동부구급대-동부본대1차(구급차)][AVL 입력자(동부본대1차)]출동보고
동부구급대,1,1000001165,현장도착보고,2024-08-01 11:23,8,2024-08-01 11:23,[동부구급대-동부본대1차(구급차)][AVL 입력자(동부본대1차)]현장도착보고
공산119안전센터,1,1000000827,출동보고,2024-08-01 11:21,6,2024-08-01 11:21,"[공산119-공산펌프(호,구조대)(펌프차)][AVL 입력자(공산펌프(호,구조대))]출동보고"
공산119안전센터,2,1000000592,현장도착보고,2024-08-01 11:36,14,2024-08-01 11:36,[공산119-공산순찰(순찰차)][AVL 입력자(공산순찰)]현장도착보고
공산119안전센터,2,1000000592,출동보고,2024-08-01 11:21,10,2024-08-01 11:21,[공산119-공산순찰(순찰차)][AVL 입력자(공산순찰)]출동보고
율하119안전센터,1,1000000959,출동보고,2024-08-01 11:35,4,2024-08-01 11:35,[율하119-율하펌프(호)(펌프차)][AVL 입력자(율하펌프(호))]출동보고
율하119안전센터,1,1000000959,현장도착보고,2024-08-01 11:35,5,2024-08-01 11:35,[율하119-율하펌프(호)(펌프차)][AVL 입력자(율하펌프(호))]현장도착보고
현풍119안전센터,1,1000000838,출동보고,2024-08-01 11:49,4,2024-08-01 11:49,[현풍119-현풍조연(특수차)][AVL 입력자(현풍조연)]출동보고
현풍119안전센터,1,1000000838,현장도착보고,2024-08-01 12:10,5,2024-08-01 12:10,[현풍119-현풍조연(특수차)][AVL 입력자(현풍조연)]현장도착보고
도원119안전센터,1,1000001159,현장도착보고,2024-08-01 11:30,6,2024-08-01 11:30,[도원119-도원구급(구급차)][AVL 입력자(도원구급)]현장도착보고
도원119안전센터,1,1000001159,출동보고,2024-08-01 11:26,5,2024-08-01 11:26,[도원119-도원구급(구급차)][AVL 입력자(도원구급)]출동보고
강서구급대,2,1000001080,현장도착보고,2024-08-01 11:37,21,2024-08-01 11:37,[강서구급대-강서본대1차(구급차)][AVL 입력자(강서본대1차)]현장도착보고
강서구급대,2,1000001080,출동보고,2024-08-01 11:33,17,2024-08-01 11:33,[강서구급대-강서본대1차(구급차)][AVL 입력자(강서본대1차)]출동보고
강서구조대,2,1000000752,현장도착보고,2024-08-01 11:45,25,2024-08-01 11:45,[강서구조대-강서구조버스(구조대차)]현장도착보고
강서구조대,2,1000000754,현장도착보고,2024-08-01 11:45,24,2024-08-01 11:45,[강서구조대-강서구조공작(구조대차)]현장도착보고
강서구조대,2,1000000754,출동보고,2024-08-01 11:34,20,2024-08-01 11:34,[강서구조대-강서구조공작(구조대차)][AVL 입력자(강서구조공작)]출동보고
강서구조대,2,1000000986,현장도착보고,2024-08-01 11:45,26,2024-08-01 11:45,[강서구조대-강서구조순찰(순찰차)]현장도착보고
죽전119안전센터,1,1000000837,현장도착보고,2024-08-01 11:29,5,2024-08-01 11:29,[죽전119-죽전펌프(펌프차)][AVL 입력자(죽전펌프)]현장도착보고
죽전119안전센터,1,1000000837,출동보고,2024-08-01 11:27,4,2024-08-01 11:27,[죽전119-죽전펌프(펌프차)][AVL 입력자(죽전펌프)]출동보고
옥포119안전센터,2,1000000901,출동보고,2024-08-01 11:57,10,2024-08-01 11:57,"[옥포119-옥포펌프(호,구조대)(펌프차)][AVL 입력자(옥포펌프(호,구조대))]출동보고"
옥포119안전센터,2,1000000901,현장도착보고,2024-08-01 12:05,11,2024-08-01 12:05,"[옥포119-옥포펌프(호,구조대)(펌프차)][AVL 입력자(옥포펌프(호,구조대))]현장도착보고"
다사119안전센터,1,1000001238,현장도착보고,2024-08-01 11:58,4,2024-08-01 11:58,[다사119-다사펌프(카)(펌프차)][AVL 입력자(다사펌프(카))]현장도착보고
다사119안전센터,1,1000001238,출동보고,2024-08-01 11:29,3,2024-08-01 11:29,[다사119-다사펌프(카)(펌프차)][AVL 입력자(다사펌프(카))]출동보고
무태119안전센터,3,1000001184,현장도착보고,2024-08-01 12:17,10,2024-08-01 12:17,[무태119-무태펌프(구암2차)(펌프차)][AVL 입력자(무태펌프(구암2차))]현장도착보고
논공119안전센터,1,1000001240,출동보고,2024-08-01 11:33,4,2024-08-01 11:33,[논공119-논공펌프(카)(펌프차)][AVL 입력자(논공펌프(카))]출동보고
논공119안전센터,1,1000001240,현장도착보고,2024-08-01 11:41,5,2024-08-01 11:41,[논공119-논공펌프(카)(펌프차)][AVL 입력자(논공펌프(카))]현장도착보고
무태119안전센터,2,1000001184,현장도착보고,2024-08-01 11:48,8,2024-08-01 11:48,[무태119-무태펌프(구암2차)(펌프차)][AVL 입력자(무태펌프(구암2차))]현장도착보고
119특수구조대,1,1000000862,출동보고,2024-08-01 11:40,15,2024-08-01 11:40,[119특수구조대-특구대구조버스(특수구조버스)][AVL 입력자(특구대구조버스)]출동보고
119특수구조대,1,1000000862,현장도착보고,2024-08-01 11:40,19,2024-08-01 11:40,[119특수구조대-특구대구조버스(특수구조버스)][AVL 입력자(특구대구조버스)]현장도착보고
119특수구조대,1,1000001089,출동보고,2024-08-01 11:39,11,2024-08-01 11:39,[119특수구조대-드론관제지휘(특수구조대차)][AVL 입력자(드론관제지휘)]출동보고
남산119안전센터,1,1000000769,현장도착보고,2024-08-01 11:48,74,2024-08-01 11:48,[남산119-남산화학(화학차)][AVL 입력자(남산화학)]현장도착보고
남산119안전센터,1,1000000769,출동보고,2024-08-01 11:41,31,2024-08-01 11:41,[남산119-남산화학(화학차)][AVL 입력자(남산화학)]출동보고
남산119안전센터,1,1000000780,현장도착보고,2024-08-01 11:50,77,2024-08-01 11:50,[남산119-남산고가(53m)(고가차)]현장도착보고
남산119안전센터,1,1000000824,현장도착보고,2024-08-01 11:49,75,2024-08-01 11:49,[남산119-남산탱크(2120)(탱크차)][AVL 입력자(남산탱크(2120))]현장도착보고
남산119안전센터,1,1000000824,출동보고,2024-08-01 11:40,23,2024-08-01 11:40,[남산119-남산탱크(2120)(탱크차)][AVL 입력자(남산탱크(2120))]출동보고
남산119안전센터,1,1000000906,출동보고,2024-08-01 11:40,26,2024-08-01 11:40,[남산119-남산조연(2170)(특수차)][AVL 입력자(남산조연(2170))]출동보고
남산119안전센터,1,1000000906,현장도착보고,2024-08-01 11:50,79,2024-08-01 11:50,[남산119-남산조연(2170)(특수차)]현장도착보고
남산119안전센터,1,1000001050,출동보고,2024-08-01 11:41,28,2024-08-01 11:41,[남산119-남산펌프(카)(펌프차)][AVL 입력자(남산펌프(카))]출동보고
남산119안전센터,1,1000001050,현장도착보고,2024-08-01 11:47,67,2024-08-01 11:47,[남산119-남산펌프(카)(펌프차)][AVL 입력자(남산펌프(카))]현장도착보고
남산119안전센터,1,1000001086,현장도착보고,2024-08-01 11:50,78,2024-08-01 11:50,[남산119-남산굴절(28m)(굴절차)]현장도착보고
대신119안전센터,1,1000000887,출동보고,2024-08-01 11:40,17,2024-08-01 11:40,[대신119-대신탱크(탱크차)][AVL 입력자(대신탱크)]출동보고
대신119안전센터,1,1000000887,현장도착보고,2024-08-01 11:43,40,2024-08-01 11:43,[대신119-대신탱크(탱크차)][AVL 입력자(대신탱크)]현장도착보고
대신119안전센터,1,1000000895,현장도착보고,2024-08-01 11:43,41,2024-08-01 11:43,[대신119-대신경량펌프(카)(펌프차)][AVL 입력자(대신경량펌프(카))]현장도착보고
대신119안전센터,1,1000000895,출동보고,2024-08-01 11:39,10,2024-08-01 11:39,[대신119-대신경량펌프(카)(펌프차)][AVL 입력자(대신경량펌프(카))]출동보고
대신119안전센터,1,1000000915,현장도착보고,2024-08-01 11:43,43,2024-08-01 11:43,[대신119-대신펌프(카)(펌프차)][AVL 입력자(대신펌프(카))]현장도착보고
대신119안전센터,1,1000000915,출동보고,2024-08-01 11:41,34,2024-08-01 11:41,[대신119-대신펌프(카)(펌프차)][AVL 입력자(대신펌프(카))]출동보고
북부구조대,1,1000000775,출동보고,2024-08-01 11:41,29,2024-08-01 11:41,[북부구조대-북부구조공작(구조대차)][AVL 입력자(북부구조공작)]출동보고
북부구조대,1,1000000775,현장도착보고,2024-08-01 11:45,56,2024-08-01 11:45,[북부구조대-북부구조공작(구조대차)][AVL 입력자(북부구조공작)]현장도착보고
비산119안전센터,1,1000000866,현장도착보고,2024-08-01 11:44,49,2024-08-01 11:44,[비산119-비산탱크(탱크차)][AVL 입력자(비산탱크)]현장도착보고
비산119안전센터,1,1000000866,출동보고,2024-08-01 11:39,5,2024-08-01 11:39,[비산119-비산탱크(탱크차)][AVL 입력자(비산탱크)]출동보고
비산119안전센터,1,1000001049,출동보고,2024-08-01 11:40,14,2024-08-01 11:40,[비산119-비산펌프(카)(펌프차)][AVL 입력자(비산펌프(카))]출동보고
비산119안전센터,1,1000001049,현장도착보고,2024-08-01 11:44,50,2024-08-01 11:44,[비산119-비산펌프(카)(펌프차)][AVL 입력자(비산펌프(카))]현장도착보고
비산119안전센터,1,1000001151,현장도착보고,2024-08-01 11:44,46,2024-08-01 11:44,[비산119-비산구급(구급차)][AVL 입력자(비산구급)]현장도착보고
비산119안전센터,1,1000001151,출동보고,2024-08-01 11:40,24,2024-08-01 11:40,[비산119-비산구급(구급차)][AVL 입력자(비산구급)]출동보고
서문로119안전센터,1,1000000715,현장도착보고,2024-08-01 11:44,44,2024-08-01 11:44,[서문로119-서문로굴절(굴절차)][AVL 입력자(서문로굴절)]현장도착보고
서문로119안전센터,1,1000000715,출동보고,2024-08-01 11:39,9,2024-08-01 11:39,[서문로119-서문로굴절(굴절차)][AVL 입력자(서문로굴절)]출동보고
서문로119안전센터,1,1000000832,출동보고,2024-08-01 11:40,25,2024-08-01 11:40,[서문로119-서문로펌프(펌프차)][AVL 입력자(서문로펌프)]출동보고
서문로119안전센터,1,1000000832,현장도착보고,2024-08-01 11:43,39,2024-08-01 11:43,[서문로119-서문로펌프(펌프차)][AVL 입력자(서문로펌프)]현장도착보고
서문로119안전센터,1,1000001074,출동보고,2024-08-01 11:40,20,2024-08-01 11:40,[서문로119-서문로구급(구급차)][AVL 입력자(서문로구급)]출동보고
서문로119안전센터,1,1000001074,현장도착보고,2024-08-01 11:43,42,2024-08-01 11:43,[서문로119-서문로구급(구급차)][AVL 입력자(서문로구급)]현장도착보고
중부구조대,1,1000001006,출동보고,2024-08-01 11:39,6,2024-08-01 11:39,[중부구조대-중부구조공작(구조대차)][AVL 입력자(중부구조공작)]출동보고
중부구조대,1,1000001006,현장도착보고,2024-08-01 11:48,73,2024-08-01 11:48,[중부구조대-중부구조공작(구조대차)][AVL 입력자(중부구조공작)]현장도착보고
칠성119안전센터,1,1000000719,출동보고,2024-08-01 11:41,27,2024-08-01 11:41,[칠성119-칠성펌프(펌프차)][AVL 입력자(칠성펌프)]출동보고
칠성119안전센터,1,1000000719,현장도착보고,2024-08-01 11:45,55,2024-08-01 11:45,[칠성119-칠성펌프(펌프차)][AVL 입력자(칠성펌프)]현장도착보고
현장지휘단,1,1000001176,출동보고,2024-08-01 11:41,30,2024-08-01 11:41,[현장지휘단-중부현장지휘(2012)(지휘차)][AVL 입력자(중부현장지휘(2012))]출동보고
현장지휘단,1,1000001176,현장도착보고,2024-08-01 11:46,58,2024-08-01 11:46,[현장지휘단-중부현장지휘(2012)(지휘차)][AVL 입력자(중부현장지휘(2012))]현장도착보고
현장지휘단,1,1000001201,현장도착보고,2024-08-01 11:45,54,2024-08-01 11:45,[현장지휘단-중부화재조사(2013)(화재조사차)][AVL 입력자(중부화재조사(2013))]현장도착보고
현장지휘단,1,1000001201,출동보고,2024-08-01 11:41,32,2024-08-01 11:41,[현장지휘단-중부화재조사(2013)(화재조사차)][AVL 입력자(중부화재조사(2013))]출동보고
태전119안전센터,1,1000001170,현장도착보고,2024-08-01 11:51,8,2024-08-01 11:51,[태전119-태전펌프(카)(펌프차)][AVL 입력자(태전펌프(카))]현장도착보고
태전119안전센터,1,1000001170,출동보고,2024-08-01 11:44,3,2024-08-01 11:44,[태전119-태전펌프(카)(펌프차)][AVL 입력자(태전펌프(카))]출동보고
상동119안전센터,1,1000000965,출동보고,2024-08-01 11:48,3,2024-08-01 11:48,[상동119-상동구급(수성예비)(구급차)][AVL 입력자(상동구급(수성예비))]출동보고
상동119안전센터,1,1000000965,현장도착보고,2024-08-01 11:55,4,2024-08-01 11:55,[상동119-상동구급(수성예비)(구급차)][AVL 입력자(상동구급(수성예비))]현장도착보고
송현119안전센터,1,1000001067,출동보고,2024-08-01 11:47,4,2024-08-01 11:47,[송현119-송현구급(구급차)][AVL 입력자(송현구급)]출동보고
송현119안전센터,1,1000001067,현장도착보고,2024-08-01 11:53,5,2024-08-01 11:53,[송현119-송현구급(구급차)][AVL 입력자(송현구급)]현장도착보고
태전119안전센터,2,1000001170,현장도착보고,2024-08-01 12:43,8,2024-08-01 12:43,[태전119-태전펌프(카)(펌프차)][AVL 입력자(태전펌프(카))]현장도착보고
무태119안전센터,2,1000001184,현장도착보고,2024-08-01 11:59,8,2024-08-01 11:59,[무태119-무태펌프(구암2차)(펌프차)][AVL 입력자(무태펌프(구암2차))]현장도착보고
논공119안전센터,1,1000001240,출동보고,2024-08-01 11:54,4,2024-08-01 11:54,[논공119-논공펌프(카)(펌프차)][AVL 입력자(논공펌프(카))]출동보고
논공119안전센터,1,1000001240,현장도착보고,2024-08-01 12:00,6,2024-08-01 12:00,[논공119-논공펌프(카)(펌프차)]현장도착보고
구지119안전센터,1,1000001146,출동보고,2024-08-01 11:53,3,2024-08-01 11:53,[구지119-구지구급(구급차)][AVL 입력자(구지구급)]출동보고
구지119안전센터,1,1000001146,현장도착보고,2024-08-01 11:57,4,2024-08-01 11:57,[구지119-구지구급(구급차)][AVL 입력자(구지구급)]현장도착보고
노원119안전센터,1,1000001253,출동보고,2024-08-01 11:55,5,2024-08-01 11:55,[노원119-노원구급(구급차)][AVL 입력자(노원구급)]출동보고
노원119안전센터,1,1000001253,현장도착보고,2024-08-01 11:58,7,2024-08-01 11:58,[노원119-노원구급(구급차)][AVL 입력자(노원구급)]현장도착보고
달서구급대,1,1000001255,출동보고,2024-08-01 11:53,4,2024-08-01 11:53,[달서구급대-달서본대1차(구급차)][AVL 입력자(달서본대1차)]출동보고
달서구급대,1,1000001255,현장도착보고,2024-08-01 12:12,6,2024-08-01 12:12,[달서구급대-달서본대1차(구급차)][AVL 입력자(달서본대1차)]현장도착보고
동부구급대,1,1000001165,현장도착보고,2024-08-01 12:01,5,2024-08-01 12:01,[동부구급대-동부본대1차(구급차)][AVL 입력자(동부본대1차)]현장도착보고
동부구급대,1,1000001165,출동보고,2024-08-01 11:57,4,2024-08-01 11:57,[동부구급대-동부본대1차(구급차)][AVL 입력자(동부본대1차)]출동보고
서문로119안전센터,1,1000001074,출동보고,2024-08-01 11:58,3,2024-08-01 11:58,[서문로119-서문로구급(구급차)][AVL 입력자(서문로구급)]출동보고
서문로119안전센터,1,1000001074,현장도착보고,2024-08-01 12:02,4,2024-08-01 12:02,[서문로119-서문로구급(구급차)][AVL 입력자(서문로구급)]현장도착보고
성서119안전센터,1,1000001036,현장도착보고,2024-08-01 12:22,5,2024-08-01 12:22,[성서119-성서펌프1차(호)(펌프차)][AVL 입력자(성서펌프1차(호))]현장도착보고
성서119안전센터,1,1000001036,출동보고,2024-08-01 12:00,4,2024-08-01 12:00,[성서119-성서펌프1차(호)(펌프차)][AVL 입력자(성서펌프1차(호))]출동보고
범물119안전센터,1,1000000931,출동보고,2024-08-01 12:10,4,2024-08-01 12:10,[범물119-범물화학(화학차)][AVL 입력자(범물화학)]출동보고
범물119안전센터,1,1000000931,현장도착보고,2024-08-01 12:13,5,2024-08-01 12:13,[범물119-범물화학(화학차)][AVL 입력자(범물화학)]현장도착보고
성명119안전센터,1,1000001026,현장도착보고,2024-08-01 12:12,5,2024-08-01 12:12,[성명119-성명구급(구급차)][AVL 입력자(성명구급)]현장도착보고
성명119안전센터,1,1000001026,출동보고,2024-08-01 12:07,4,2024-08-01 12:07,[성명119-성명구급(구급차)][AVL 입력자(성명구급)]출동보고
강북구급대,2,1000001221,출동보고,2024-08-01 12:07,5,2024-08-01 12:07,[강북구급대-강북특별(본대2차)(구급차)][AVL 입력자(강북특별(본대2차))]출동보고
부계119지역대,3,1000000969,출동보고,2024-08-01 12:08,7,2024-08-01 12:08,[부계지역대-부계펌프(호)(펌프차)][AVL 입력자(부계펌프(호))]출동보고
부계119지역대,3,1000000969,현장도착보고,2024-08-01 12:19,19,2024-08-01 12:19,[부계지역대-부계펌프(호)(펌프차)][AVL 입력자(부계펌프(호))]현장도착보고
읍내119안전센터,1,1000001207,현장도착보고,2024-08-01 12:22,24,2024-08-01 12:22,[읍내119-읍내구급(구급차)]현장도착보고
읍내119안전센터,1,1000001207,출동보고,2024-08-01 12:06,4,2024-08-01 12:06,[읍내119-읍내구급(구급차)][AVL 입력자(읍내구급)]출동보고
의흥119안전센터,4,1000001254,출동보고,2024-08-01 12:09,10,2024-08-01 12:09,[의흥119-의흥구급(구급차)][AVL 입력자(의흥구급)]출동보고
의흥119안전센터,4,1000001254,현장도착보고,2024-08-01 12:15,13,2024-08-01 12:15,[의흥119-의흥구급(구급차)][AVL 입력자(의흥구급)]현장도착보고
죽전119안전센터,1,1000001027,출동보고,2024-08-01 12:07,4,2024-08-01 12:07,[죽전119-죽전구급(구급차)][AVL 입력자(죽전구급)]출동보고
죽전119안전센터,1,1000001027,현장도착보고,2024-08-01 12:13,5,2024-08-01 12:13,[죽전119-죽전구급(구급차)][AVL 입력자(죽전구급)]현장도착보고
현풍119안전센터,1,1000000962,출동보고,2024-08-01 12:09,4,2024-08-01 12:09,[현풍119-현풍펌프(호)(펌프차)][AVL 입력자(현풍펌프(호))]출동보고
현풍119안전센터,1,1000000962,현장도착보고,2024-08-01 12:15,6,2024-08-01 12:15,[현풍119-현풍펌프(호)(펌프차)][AVL 입력자(현풍펌프(호))]현장도착보고
황금119안전센터,1,1000001164,현장도착보고,2024-08-01 12:18,5,2024-08-01 12:18,[황금119-황금구급(구급차)][AVL 입력자(황금구급)]현장도착보고
황금119안전센터,1,1000001164,출동보고,2024-08-01 12:10,3,2024-08-01 12:10,[황금119-황금구급(구급차)][AVL 입력자(황금구급)]출동보고
구지119안전센터,1,1000001035,현장도착보고,2024-08-01 12:26,4,2024-08-01 12:26,[구지119-구지펌프(호)(펌프차)][AVL 입력자(구지펌프(호))]현장도착보고
구지119안전센터,1,1000001035,출동보고,2024-08-01 12:13,3,2024-08-01 12:13,[구지119-구지펌프(호)(펌프차)][AVL 입력자(구지펌프(호))]출동보고
죽전119안전센터,1,1000000837,출동보고,2024-08-01 12:16,3,2024-08-01 12:16,[죽전119-죽전펌프(펌프차)][AVL 입력자(죽전펌프)]출동보고
죽전119안전센터,1,1000000837,현장도착보고,2024-08-01 12:21,4,2024-08-01 12:21,[죽전119-죽전펌프(펌프차)][AVL 입력자(죽전펌프)]현장도착보고
동부구조대,1,1000000580,현장도착보고,2024-08-01 12:31,18,2024-08-01 12:31,[동부구조대-동부구조공작(구조대차)][AVL 입력자(동부구조공작)]현장도착보고
동부구조대,1,1000000580,출동보고,2024-08-01 12:17,7,2024-08-01 12:17,[동부구조대-동부구조공작(구조대차)][AVL 입력자(동부구조공작)]출동보고
북부구급대,2,1000001076,현장도착보고,2024-08-01 12:38,22,2024-08-01 12:38,[북부구급대-북부특별1차(구급차)][AVL 입력자(북부특별1차)]현장도착보고
북부구급대,2,1000001076,출동보고,2024-08-01 12:26,17,2024-08-01 12:26,[북부구급대-북부특별1차(구급차)][AVL 입력자(북부특별1차)]출동보고
불로119안전센터,1,1000000739,현장도착보고,2024-08-01 12:20,11,2024-08-01 12:20,[불로119-불로구급(구급차)][AVL 입력자(불로구급)]현장도착보고
불로119안전센터,1,1000000739,출동보고,2024-08-01 12:16,5,2024-08-01 12:16,[불로119-불로구급(구급차)][AVL 입력자(불로구급)]출동보고
불로119안전센터,1,1000001088,출동보고,2024-08-01 12:16,3,2024-08-01 12:16,[불로119-불로펌프(카)(펌프차)][AVL 입력자(불로펌프(카))]출동보고
불로119안전센터,1,1000001088,현장도착보고,2024-08-01 12:19,10,2024-08-01 12:19,[불로119-불로펌프(카)(펌프차)][AVL 입력자(불로펌프(카))]현장도착보고
읍내119안전센터,1,1000001030,출동보고,2024-08-01 12:19,4,2024-08-01 12:19,[읍내119-읍내펌프(호)(펌프차)][AVL 입력자(읍내펌프(호))]출동보고
읍내119안전센터,1,1000001030,현장도착보고,2024-08-01 12:30,5,2024-08-01 12:30,[읍내119-읍내펌프(호)(펌프차)][AVL 입력자(읍내펌프(호))]현장도착보고
대현119안전센터,1,1000000825,출동보고,2024-08-01 12:21,6,2024-08-01 12:21,[대현119-대현펌프(펌프차)][AVL 입력자(대현펌프)]출동보고
대현119안전센터,1,1000000825,현장도착보고,2024-08-01 12:27,17,2024-08-01 12:27,[대현119-대현펌프(펌프차)]현장도착보고
대현119안전센터,1,1000001206,현장도착보고,2024-08-01 12:24,14,2024-08-01 12:24,[대현119-대현구급(구급차)][AVL 입력자(대현구급)]현장도착보고
대현119안전센터,1,1000001206,출동보고,2024-08-01 12:21,4,2024-08-01 12:21,[대현119-대현구급(구급차)][AVL 입력자(대현구급)]출동보고
동부구급대,3,1000000999,출동보고,2024-08-01 12:23,13,2024-08-01 12:23,[동부구급대-동부특별구급(2차)(구급차)][AVL 입력자(동부특별구급(2차))]출동보고
동부구급대,3,1000000999,현장도착보고,2024-08-01 12:26,15,2024-08-01 12:26,[동부구급대-동부특별구급(2차)(구급차)][AVL 입력자(동부특별구급(2차))]현장도착보고
북부구조대,2,1000000775,출동보고,2024-08-01 12:21,9,2024-08-01 12:21,[북부구조대-북부구조공작(구조대차)][AVL 입력자(북부구조공작)]출동보고
현풍119안전센터,1,1000000838,출동보고,2024-08-01 12:27,5,2024-08-01 12:27,[현풍119-현풍조연(특수차)][AVL 입력자(현풍조연)]출동보고
현풍119안전센터,1,1000000838,현장도착보고,2024-08-01 12:47,7,2024-08-01 12:47,[현풍119-현풍조연(특수차)][AVL 입력자(현풍조연)]현장도착보고
삼덕119안전센터,1,1000000833,출동보고,2024-08-01 12:30,3,2024-08-01 12:30,[삼덕119-삼덕펌프(펌프차)][AVL 입력자(삼덕펌프)]출동보고
삼덕119안전센터,1,1000000833,현장도착보고,2024-08-01 12:34,4,2024-08-01 12:34,[삼덕119-삼덕펌프(펌프차)][AVL 입력자(삼덕펌프)]현장도착보고
성명119안전센터,1,1000001051,현장도착보고,2024-08-01 12:45,5,2024-08-01 12:45,[성명119-성명펌프1차(카)(펌프차)][AVL 입력자(성명펌프1차(카))]현장도착보고
성명119안전센터,1,1000001051,출동보고,2024-08-01 12:30,3,2024-08-01 12:30,[성명119-성명펌프1차(카)(펌프차)][AVL 입력자(성명펌프1차(카))]출동보고
명덕119안전센터,1,1000000995,현장도착보고,2024-08-01 12:35,11,2024-08-01 12:35,[명덕119-명덕구급(구급차)][AVL 입력자(명덕구급)]현장도착보고
중부구급대,2,1000001157,현장도착보고,2024-08-01 12:38,13,2024-08-01 12:38,[중부구급대-중부특별(본대2차)(구급차)][AVL 입력자(중부특별(본대2차))]현장도착보고
중부구급대,2,1000001157,출동보고,2024-08-01 12:32,8,2024-08-01 12:32,[중부구급대-중부특별(본대2차)(구급차)][AVL 입력자(중부특별(본대2차))]출동보고
달서구급대,1,1000001255,현장도착보고,2024-08-01 12:45,5,2024-08-01 12:45,[달서구급대-달서본대1차(구급차)][AVL 입력자(달서본대1차)]현장도착보고
달서구급대,1,1000001255,출동보고,2024-08-01 12:34,3,2024-08-01 12:34,[달서구급대-달서본대1차(구급차)][AVL 입력자(달서본대1차)]출동보고
구암119안전센터,1,1000001169,현장도착보고,2024-08-01 12:42,4,2024-08-01 12:42,[구암119안전센터-구암펌프1차(카)(펌프차)][AVL 입력자(구암펌프1차(카))]현장도착보고
구암119안전센터,1,1000001169,출동보고,2024-08-01 12:35,3,2024-08-01 12:35,[구암119안전센터-구암펌프1차(카)(펌프차)][AVL 입력자(구암펌프1차(카))]출동보고
대명119지역대,1,1000001072,현장도착보고,2024-08-01 12:40,5,2024-08-01 12:40,[대명지역대-대명구급(구급차)][AVL 입력자(대명구급)]현장도착보고
대명119지역대,1,1000001072,출동보고,2024-08-01 12:36,4,2024-08-01 12:36,[대명지역대-대명구급(구급차)][AVL 입력자(대명구급)]출동보고
비산119안전센터,1,1000001151,현장도착보고,2024-08-01 12:42,6,2024-08-01 12:38,[비산119-비산구급(구급차)][AVL 입력자(비산구급)]현장도착보고
비산119안전센터,1,1000001151,출동보고,2024-08-01 12:37,5,2024-08-01 12:37,[비산119-비산구급(구급차)][AVL 입력자(비산구급)]출동보고
가창119안전센터,1,1000000960,현장도착보고,2024-08-01 12:46,5,2024-08-01 12:46,[가창119-가창펌프(호)(펌프차)][AVL 입력자(가창펌프(호))]현장도착보고
가창119안전센터,1,1000000960,출동보고,2024-08-01 12:37,4,2024-08-01 12:37,[가창119-가창펌프(호)(펌프차)][AVL 입력자(가창펌프(호))]출동보고
구지119안전센터,1,1000001035,현장도착보고,2024-08-01 12:41,4,2024-08-01 12:41,[구지119-구지펌프(호)(펌프차)][AVL 입력자(구지펌프(호))]현장도착보고
구지119안전센터,1,1000001035,출동보고,2024-08-01 12:36,3,2024-08-01 12:36,[구지119-구지펌프(호)(펌프차)][AVL 입력자(구지펌프(호))]출동보고
119특수구조대,1,1000000862,출동보고,2024-08-01 12:38,15,2024-08-01 12:38,[119특수구조대-특구대구조버스(특수구조버스)][AVL 입력자(특구대구조버스)]출동보고
119특수구조대,1,1000001089,출동보고,2024-08-01 12:38,13,2024-08-01 12:38,[119특수구조대-드론관제지휘(특수구조대차)][AVL 입력자(드론관제지휘)]출동보고
강서구조대,1,1000000754,현장도착보고,2024-08-01 12:47,56,2024-08-01 12:47,[강서구조대-강서구조공작(구조대차)][AVL 입력자(강서구조공작)]현장도착보고
강서구조대,1,1000000754,출동보고,2024-08-01 12:39,26,2024-08-01 12:39,[강서구조대-강서구조공작(구조대차)][AVL 입력자(강서구조공작)]출동보고
달서구조대,1,1000001048,현장도착보고,2024-08-01 12:45,50,2024-08-01 12:45,[달서구조대-달서구조공작(구조대차)][AVL 입력자(달서구조공작)]현장도착보고
달서구조대,1,1000001048,출동보고,2024-08-01 12:37,6,2024-08-01 12:37,[달서구조대-달서구조공작(구조대차)][AVL 입력자(달서구조공작)]출동보고
대천119안전센터,1,1000000909,현장도착보고,2024-08-01 12:43,32,2024-08-01 12:43,[대천119-대천화학(화학차)][AVL 입력자(대천화학)]현장도착보고
대천119안전센터,1,1000000909,출동보고,2024-08-01 12:37,10,2024-08-01 12:37,[대천119-대천화학(화학차)][AVL 입력자(대천화학)]출동보고
대천119안전센터,1,1000000952,현장도착보고,2024-08-01 12:43,37,2024-08-01 12:43,[대천119-대천탱크(탱크차)]현장도착보고
대천119안전센터,1,1000000952,출동보고,2024-08-01 12:38,12,2024-08-01 12:38,[대천119-대천탱크(탱크차)][AVL 입력자(대천탱크)]출동보고
대천119안전센터,1,1000001160,현장도착보고,2024-08-01 12:43,36,2024-08-01 12:43,[대천119-대천구급(구급차)]현장도착보고
대천119안전센터,1,1000001160,출동보고,2024-08-01 12:38,19,2024-08-01 12:38,[대천119-대천구급(구급차)][AVL 입력자(대천구급)]출동보고
도원119안전센터,1,1000000673,출동보고,2024-08-01 12:38,21,2024-08-01 12:38,[도원119-도원탱크(탱크차)][AVL 입력자(도원탱크)]출동보고
도원119안전센터,1,1000000673,현장도착보고,2024-08-01 12:44,38,2024-08-01 12:44,[도원119-도원탱크(탱크차)][AVL 입력자(도원탱크)]현장도착보고
도원119안전센터,1,1000000723,현장도착보고,2024-08-01 12:43,34,2024-08-01 12:43,[도원119-도원펌프(호)(펌프차)][AVL 입력자(도원펌프(호))]현장도착보고
도원119안전센터,1,1000000723,출동보고,2024-08-01 12:38,18,2024-08-01 12:38,[도원119-도원펌프(호)(펌프차)][AVL 입력자(도원펌프(호))]출동보고
성서119안전센터,1,1000000812,출동보고,2024-08-01 12:37,7,2024-08-01 12:37,[성서119-성서2차펌프(탱크차)][AVL 입력자(성서2차펌프)]출동보고
성서119안전센터,1,1000000812,현장도착보고,2024-08-01 12:45,49,2024-08-01 12:45,[성서119-성서2차펌프(탱크차)][AVL 입력자(성서2차펌프)]현장도착보고
성서119안전센터,1,1000001036,현장도착보고,2024-08-01 12:45,43,2024-08-01 12:45,[성서119-성서펌프1차(호)(펌프차)][AVL 입력자(성서펌프1차(호))]현장도착보고
성서119안전센터,1,1000001036,출동보고,2024-08-01 12:37,9,2024-08-01 12:37,[성서119-성서펌프1차(호)(펌프차)][AVL 입력자(성서펌프1차(호))]출동보고
송현119안전센터,1,1000000141,출동보고,2024-08-01 12:38,22,2024-08-01 12:38,[송현119-송현펌프(호)(펌프차)][AVL 입력자(송현펌프(호))]출동보고
송현119안전센터,1,1000000141,현장도착보고,2024-08-01 12:46,52,2024-08-01 12:46,[송현119-송현펌프(호)(펌프차)][AVL 입력자(송현펌프(호))]현장도착보고
송현119안전센터,1,1000001145,출동보고,2024-08-01 12:38,20,2024-08-01 12:38,[송현119-송현탱크(탱크차)][AVL 입력자(송현탱크)]출동보고
송현119안전센터,1,1000001145,현장도착보고,2024-08-01 12:44,41,2024-08-01 12:44,[송현119-송현탱크(탱크차)][AVL 입력자(송현탱크)]현장도착보고
월성119안전센터,1,1000000756,출동보고,2024-08-01 12:40,28,2024-08-01 12:40,[월성119-월성고가(고가차)][AVL 입력자(월성고가)]출동보고
월성119안전센터,1,1000000756,현장도착보고,2024-08-01 12:45,44,2024-08-01 12:45,[월성119-월성고가(고가차)]현장도착보고
월성119안전센터,1,1000000944,현장도착보고,2024-08-01 12:45,46,2024-08-01 12:45,[월성119-월성탱크(탱크차)]현장도착보고
월성119안전센터,1,1000000944,출동보고,2024-08-01 12:39,24,2024-08-01 12:39,[월성119-월성탱크(탱크차)][AVL 입력자(월성탱크)]출동보고
월성119안전센터,1,1000001011,현장도착보고,2024-08-01 12:45,47,2024-08-01 12:45,[월성119-월성조연(특수차)]현장도착보고
월성119안전센터,1,1000001011,출동보고,2024-08-01 12:38,16,2024-08-01 12:38,[월성119-월성조연(특수차)][AVL 입력자(월성조연)]출동보고
월성119안전센터,1,1000001032,출동보고,2024-08-01 12:37,11,2024-08-01 12:37,[월성119-월성펌프(호)(펌프차)][AVL 입력자(월성펌프(호))]출동보고
월성119안전센터,1,1000001032,현장도착보고,2024-08-01 12:45,42,2024-08-01 12:45,[월성119-월성펌프(호)(펌프차)][AVL 입력자(월성펌프(호))]현장도착보고
월성119안전센터,1,1000001216,현장도착보고,2024-08-01 12:45,45,2024-08-01 12:45,[월성119-월성굴절(굴절차)]현장도착보고
월성119안전센터,1,1000001237,출동보고,2024-08-01 12:38,14,2024-08-01 12:38,[월성119-월성화학(화학차)][AVL 입력자(월성화학)]출동보고
월성119안전센터,1,1000001237,현장도착보고,2024-08-01 12:45,48,2024-08-01 12:45,[월성119-월성화학(화학차)]현장도착보고
현장지휘단,1,1000000630,현장도착보고,2024-08-01 12:48,57,2024-08-01 12:48,[현장지휘단-달서현장지휘(지휘차)]현장도착보고
현장지휘단,1,1000000849,출동보고,2024-08-01 12:47,54,2024-08-01 12:47,[현장지휘단-달서화재조사(화재조사차)][AVL 입력자(달서화재조사)]출동보고
현장지휘단,1,1000000849,현장도착보고,2024-08-01 12:47,55,2024-08-01 12:47,[현장지휘단-달서화재조사(화재조사차)][AVL 입력자(달서화재조사)]현장도착보고
율하119구조대,1,1000000903,출동보고,2024-08-01 12:40,3,2024-08-01 12:40,[율하구조대-율하구조공작(구조대차)][AVL 입력자(율하구조공작)]출동보고
율하119구조대,1,1000000903,현장도착보고,2024-08-01 12:54,8,2024-08-01 12:54,[율하구조대-율하구조공작(구조대차)]현장도착보고
만촌119안전센터,1,1000000818,출동보고,2024-08-01 12:41,4,2024-08-01 12:41,[만촌119-만촌펌프(펌프차)][AVL 입력자(만촌펌프)]출동보고
만촌119안전센터,1,1000000818,현장도착보고,2024-08-01 12:46,5,2024-08-01 12:46,[만촌119-만촌펌프(펌프차)][AVL 입력자(만촌펌프)]현장도착보고
죽전119안전센터,1,1000001027,현장도착보고,2024-08-01 12:49,8,2024-08-01 12:49,[죽전119-죽전구급(구급차)][AVL 입력자(죽전구급)]현장도착보고
죽전119안전센터,1,1000001027,출동보고,2024-08-01 12:45,4,2024-08-01 12:45,[죽전119-죽전구급(구급차)][AVL 입력자(죽전구급)]출동보고
북부구급대,1,1000001147,출동보고,2024-08-01 12:48,6,2024-08-01 12:48,[북부구급대-북부본대2차(구급차)][AVL 입력자(북부본대2차)]출동보고
북부구급대,1,1000001147,현장도착보고,2024-08-01 12:51,7,2024-08-01 12:51,[북부구급대-북부본대2차(구급차)][AVL 입력자(북부본대2차)]현장도착보고
논공119안전센터,1,1000001240,출동보고,2024-08-01 12:50,4,2024-08-01 12:50,[논공119-논공펌프(카)(펌프차)][AVL 입력자(논공펌프(카))]출동보고
논공119안전센터,1,1000001240,현장도착보고,2024-08-01 13:02,5,2024-08-01 13:02,[논공119-논공펌프(카)(펌프차)][AVL 입력자(논공펌프(카))]현장도착보고
안심119안전센터,1,1000001210,출동보고,2024-08-01 12:51,4,2024-08-01 12:51,[안심119-안심특별구급(구급차)][AVL 입력자(안심특별구급)]출동보고
안심119안전센터,1,1000001210,현장도착보고,2024-08-01 12:54,5,2024-08-01 12:54,[안심119-안심특별구급(구급차)][AVL 입력자(안심특별구급)]현장도착보고
군위119안전센터,1,1000001031,출동보고,2024-08-01 12:49,4,2024-08-01 12:49,[군위119-군위펌프(호)(펌프차)][AVL 입력자(군위펌프(호))]출동보고
군위119안전센터,1,1000001031,현장도착보고,2024-08-01 13:10,7,2024-08-01 13:10,[군위119-군위펌프(호)(펌프차)][AVL 입력자(군위펌프(호))]현장도착보고
옥포119안전센터,1,1000000901,출동보고,2024-08-01 12:50,3,2024-08-01 12:50,"[옥포119-옥포펌프(호,구조대)(펌프차)][AVL 입력자(옥포펌프(호,구조대))]출동보고"
옥포119안전센터,1,1000000901,현장도착보고,2024-08-01 12:50,4,2024-08-01 12:50,"[옥포119-옥포펌프(호,구조대)(펌프차)][AVL 입력자(옥포펌프(호,구조대))]현장도착보고"
달성구급대,1,1000001203,출동보고,2024-08-01 12:55,8,2024-08-01 12:55,[달성구급대-달성본대1차(구급차)][AVL 입력자(달성본대1차)]출동보고
달성구급대,1,1000001203,현장도착보고,2024-08-01 12:59,11,2024-08-01 12:59,[달성구급대-달성본대1차(구급차)][AVL 입력자(달성본대1차)]현장도착보고
달성구조대,1,1000000778,현장도착보고,2024-08-01 12:59,12,2024-08-01 12:59,[달성구조대-달성구조공작(구조대차)][AVL 입력자(달성구조공작)]현장도착보고
달성구조대,1,1000000778,출동보고,2024-08-01 12:54,5,2024-08-01 12:54,[달성구조대-달성구조공작(구조대차)][AVL 입력자(달성구조공작)]출동보고
달성구조대,2,1000000863,현장도착보고,2024-08-01 13:05,15,2024-08-01 13:05,[달성구조대-달성구조버스(구조대차)]현장도착보고
달성구급대,1,1000000867,출동보고,2024-08-01 12:57,4,2024-08-01 12:57,[달성구급대-달성본대2차(구급차)][AVL 입력자(달성본대2차)]출동보고
달성구급대,1,1000000867,현장도착보고,2024-08-01 13:03,6,2024-08-01 13:03,[달성구급대-달성본대2차(구급차)][AVL 입력자(달성본대2차)]현장도착보고
수성119안전센터,2,1000000917,출동보고,2024-08-01 13:03,12,2024-08-01 13:03,[수성119-수성펌프(카)(펌프차)][AVL 입력자(수성펌프(카))]출동보고
수성119안전센터,2,1000001064,출동보고,2024-08-01 13:04,16,2024-08-01 13:04,[수성119-수성센터구급(구급차)][AVL 입력자(수성센터구급)]출동보고
수성119안전센터,4,1000001064,출동보고,2024-08-01 13:12,32,2024-08-01 13:12,[수성119-수성센터구급(구급차)][AVL 입력자(수성센터구급)]출동보고
수성구조대,2,1000000779,출동보고,2024-08-01 13:03,13,2024-08-01 13:03,[수성구조대-수성구조공작(구조대차)][AVL 입력자(수성구조공작)]출동보고
황금119안전센터,3,1000000829,출동보고,2024-08-01 13:06,22,2024-08-01 13:06,[황금119-황금펌프(펌프차)][AVL 입력자(황금펌프)]출동보고
노원119안전센터,1,1000000816,출동보고,2024-08-01 12:57,5,2024-08-01 12:57,[노원119-노원펌프(펌프차)][AVL 입력자(노원펌프)]출동보고
노원119안전센터,1,1000000816,현장도착보고,2024-08-01 13:44,6,2024-08-01 13:44,[노원119-노원펌프(펌프차)]현장도착보고
대현119안전센터,1,1000001206,출동보고,2024-08-01 12:59,4,2024-08-01 12:59,[대현119-대현구급(구급차)][AVL 입력자(대현구급)]출동보고
대현119안전센터,1,1000001206,현장도착보고,2024-08-01 13:01,5,2024-08-01 13:01,[대현119-대현구급(구급차)][AVL 입력자(대현구급)]현장도착보고
화원119안전센터,1,1000000813,현장도착보고,2024-08-01 13:05,6,2024-08-01 13:05,[화원119-화원펌프(펌프차)][AVL 입력자(화원펌프)]현장도착보고
화원119안전센터,1,1000000813,출동보고,2024-08-01 13:04,5,2024-08-01 13:04,[화원119-화원펌프(펌프차)][AVL 입력자(화원펌프)]출동보고
구지119안전센터,1,1000001035,현장도착보고,2024-08-01 13:04,5,2024-08-01 13:04,[구지119-구지펌프(호)(펌프차)][AVL 입력자(구지펌프(호))]현장도착보고
구지119안전센터,1,1000001035,출동보고,2024-08-01 12:59,3,2024-08-01 12:59,[구지119-구지펌프(호)(펌프차)][AVL 입력자(구지펌프(호))]출동보고
구암119안전센터,1,1000001169,출동보고,2024-08-01 13:03,3,2024-08-01 13:03,[구암119안전센터-구암펌프1차(카)(펌프차)][AVL 입력자(구암펌프1차(카))]출동보고
구암119안전센터,1,1000001169,현장도착보고,2024-08-01 13:12,4,2024-08-01 13:12,[구암119안전센터-구암펌프1차(카)(펌프차)][AVL 입력자(구암펌프1차(카))]현장도착보고
공산119안전센터,2,1000000592,현장도착보고,2024-08-01 13:25,6,2024-08-01 13:25,[공산119-공산순찰(순찰차)][AVL 입력자(공산순찰)]현장도착보고
공산119안전센터,2,1000000592,출동보고,2024-08-01 13:05,5,2024-08-01 13:05,[공산119-공산순찰(순찰차)][AVL 입력자(공산순찰)]출동보고
의흥119안전센터,1,1000001187,출동보고,2024-08-01 13:07,3,2024-08-01 13:07,"[의흥119-의흥펌프(소형,구조)(펌프차)][AVL 입력자(의흥펌프(소형,구조))]출동보고"
의흥119안전센터,1,1000001187,현장도착보고,2024-08-01 13:10,5,2024-08-01 13:10,"[의흥119-의흥펌프(소형,구조)(펌프차)][AVL 입력자(의흥펌프(소형,구조))]현장도착보고"
금호119안전센터,1,1000001194,출동보고,2024-08-01 13:13,3,2024-08-01 13:13,[금호119-금호펌프(펌프차)][AVL 입력자(금호펌프)]출동보고
금호119안전센터,1,1000001194,현장도착보고,2024-08-01 13:22,7,2024-08-01 13:22,[금호119-금호펌프(펌프차)][AVL 입력자(금호펌프)]현장도착보고
본리119안전센터,1,1000000705,현장도착보고,2024-08-01 13:22,7,2024-08-01 13:22,[본리119-본리펌프1차(펌프차)][AVL 입력자(본리펌프1차)]현장도착보고
본리119안전센터,1,1000000705,출동보고,2024-08-01 13:12,3,2024-08-01 13:12,[본리119-본리펌프1차(펌프차)][AVL 입력자(본리펌프1차)]출동보고
본리119안전센터,1,1000001029,현장도착보고,2024-08-01 13:18,6,2024-08-01 13:18,[본리119-본리구급(구급차)][AVL 입력자(본리구급)]현장도착보고
본리119안전센터,1,1000001029,출동보고,2024-08-01 13:16,5,2024-08-01 13:16,[본리119-본리구급(구급차)][AVL 입력자(본리구급)]출동보고
본리119안전센터,2,1000000705,현장도착보고,2024-08-01 13:25,10,2024-08-01 13:25,[본리119-본리펌프1차(펌프차)][AVL 입력자(본리펌프1차)]현장도착보고
무태119안전센터,1,1000000993,출동보고,2024-08-01 13:16,4,2024-08-01 13:16,[무태119-무태구급(구급차)][AVL 입력자(무태구급)]출동보고
무태119안전센터,1,1000000993,현장도착보고,2024-08-01 13:27,8,2024-08-01 13:27,[무태119-무태구급(구급차)][AVL 입력자(무태구급)]현장도착보고
금호119안전센터,2,1000001194,출동보고,2024-08-01 13:34,8,2024-08-01 13:34,[금호119-금호펌프(펌프차)][AVL 입력자(금호펌프)]출동보고
금호119안전센터,2,1000001194,현장도착보고,2024-08-01 13:34,9,2024-08-01 13:34,[금호119-금호펌프(펌프차)][AVL 입력자(금호펌프)]현장도착보고
황금119안전센터,1,1000000829,출동보고,2024-08-01 13:18,3,2024-08-01 13:18,[황금119-황금펌프(펌프차)][AVL 입력자(황금펌프)]출동보고
황금119안전센터,1,1000000829,현장도착보고,2024-08-01 13:21,5,2024-08-01 13:21,[황금119-황금펌프(펌프차)][AVL 입력자(황금펌프)]현장도착보고
안심119안전센터,1,1000000811,현장도착보고,2024-08-01 13:30,6,2024-08-01 13:30,[안심119-안심펌프(호)(펌프차)][AVL 입력자(안심펌프(호))]현장도착보고
안심119안전센터,1,1000000811,출동보고,2024-08-01 13:22,5,2024-08-01 13:22,[안심119-안심펌프(호)(펌프차)][AVL 입력자(안심펌프(호))]출동보고
대신119안전센터,2,1000000895,출동보고,2024-08-01 13:22,7,2024-08-01 13:22,[대신119-대신경량펌프(카)(펌프차)][AVL 입력자(대신경량펌프(카))]출동보고
대신119안전센터,2,1000000895,현장도착보고,2024-08-01 13:30,9,2024-08-01 13:30,[대신119-대신경량펌프(카)(펌프차)][AVL 입력자(대신경량펌프(카))]현장도착보고
달서구급대,1,1000001255,현장도착보고,2024-08-01 13:30,7,2024-08-01 13:30,[달서구급대-달서본대1차(구급차)][AVL 입력자(달서본대1차)]현장도착보고
달서구급대,1,1000001255,출동보고,2024-08-01 13:26,6,2024-08-01 13:26,[달서구급대-달서본대1차(구급차)][AVL 입력자(달서본대1차)]출동보고
침산119안전센터,1,1000001024,현장도착보고,2024-08-01 13:27,5,2024-08-01 13:27,[침산119-침산구급(구급차)][AVL 입력자(침산구급)]현장도착보고
침산119안전센터,1,1000001024,출동보고,2024-08-01 13:26,4,2024-08-01 13:26,[침산119-침산구급(구급차)][AVL 입력자(침산구급)]출동보고
태전119안전센터,1,1000001149,현장도착보고,2024-08-01 13:29,8,2024-08-01 13:29,[태전119-태전구급(구급차)][AVL 입력자(태전구급)]현장도착보고
태전119안전센터,1,1000001149,출동보고,2024-08-01 13:26,7,2024-08-01 13:26,[태전119-태전구급(구급차)][AVL 입력자(태전구급)]출동보고
황금119안전센터,1,1000001164,현장도착보고,2024-08-01 13:35,4,2024-08-01 13:35,[황금119-황금구급(구급차)][AVL 입력자(황금구급)]현장도착보고
황금119안전센터,1,1000001164,출동보고,2024-08-01 13:27,3,2024-08-01 13:27,[황금119-황금구급(구급차)][AVL 입력자(황금구급)]출동보고
금호119안전센터,2,1000001194,현장도착보고,2024-08-01 14:07,9,2024-08-01 14:07,[금호119-금호펌프(펌프차)][AVL 입력자(금호펌프)]현장도착보고
금호119안전센터,2,1000001194,출동보고,2024-08-01 13:58,8,2024-08-01 13:58,[금호119-금호펌프(펌프차)][AVL 입력자(금호펌프)]출동보고
무태119안전센터,1,1000001184,현장도착보고,2024-08-01 13:42,5,2024-08-01 13:42,[무태119-무태펌프(구암2차)(펌프차)][AVL 입력자(무태펌프(구암2차))]현장도착보고
무태119안전센터,1,1000001184,출동보고,2024-08-01 13:30,3,2024-08-01 13:30,[무태119-무태펌프(구암2차)(펌프차)][AVL 입력자(무태펌프(구암2차))]출동보고
삼덕119안전센터,1,1000001075,현장도착보고,2024-08-01 13:35,5,2024-08-01 13:35,[삼덕119-삼덕구급(구급차)][AVL 입력자(삼덕구급)]현장도착보고
삼덕119안전센터,1,1000001075,출동보고,2024-08-01 13:32,3,2024-08-01 13:32,[삼덕119-삼덕구급(구급차)][AVL 입력자(삼덕구급)]출동보고
봉덕119안전센터,1,1000000956,출동보고,2024-08-01 13:33,3,2024-08-01 13:33,[봉덕119-봉덕펌프(호)(펌프차)][AVL 입력자(봉덕펌프(호))]출동보고
봉덕119안전센터,1,1000000956,현장도착보고,2024-08-01 13:40,4,2024-08-01 13:40,[봉덕119-봉덕펌프(호)(펌프차)][AVL 입력자(봉덕펌프(호))]현장도착보고
산격119안전센터,1,1000001148,출동보고,2024-08-01 13:35,4,2024-08-01 13:35,[산격119-산격구급(구급차)][AVL 입력자(산격구급)]출동보고
산격119안전센터,1,1000001148,현장도착보고,2024-08-01 13:48,5,2024-08-01 13:48,[산격119-산격구급(구급차)]현장도착보고
수성119안전센터,1,1000001064,현장도착보고,2024-08-01 13:43,5,2024-08-01 13:43,[수성119-수성센터구급(구급차)][AVL 입력자(수성센터구급)]현장도착보고
수성119안전센터,1,1000001064,출동보고,2024-08-01 13:36,3,2024-08-01 13:36,[수성119-수성센터구급(구급차)][AVL 입력자(수성센터구급)]출동보고
명덕119안전센터,3,1000001087,출동보고,2024-08-01 13:40,11,2024-08-01 13:40,[명덕119-명덕펌프(카)(펌프차)][AVL 입력자(명덕펌프(카))]출동보고
명덕119안전센터,3,1000001087,현장도착보고,2024-08-01 13:43,13,2024-08-01 13:43,[명덕119-명덕펌프(카)(펌프차)][AVL 입력자(명덕펌프(카))]현장도착보고
서문로119안전센터,1,1000001074,출동보고,2024-08-01 13:39,8,2024-08-01 13:39,[서문로119-서문로구급(구급차)][AVL 입력자(서문로구급)]출동보고
서문로119안전센터,1,1000001074,현장도착보고,2024-08-01 13:43,12,2024-08-01 13:43,[서문로119-서문로구급(구급차)][AVL 입력자(서문로구급)]현장도착보고
중부구급대,2,1000001157,출동보고,2024-08-01 13:39,10,2024-08-01 13:39,[중부구급대-중부특별(본대2차)(구급차)][AVL 입력자(중부특별(본대2차))]출동보고
중부구급대,2,1000001157,현장도착보고,2024-08-01 13:44,14,2024-08-01 13:44,[중부구급대-중부특별(본대2차)(구급차)][AVL 입력자(중부특별(본대2차))]현장도착보고
매곡119안전센터,1,1000000908,현장도착보고,2024-08-01 13:45,5,2024-08-01 13:45,[매곡119-매곡펌프(호)(펌프차)][AVL 입력자(매곡펌프(호))]현장도착보고
매곡119안전센터,1,1000000908,출동보고,2024-08-01 13:38,3,2024-08-01 13:38,[매곡119-매곡펌프(호)(펌프차)][AVL 입력자(매곡펌프(호))]출동보고
동부구조대,1,1000000580,출동보고,2024-08-01 13:41,6,2024-08-01 13:41,[동부구조대-동부구조공작(구조대차)][AVL 입력자(동부구조공작)]출동보고
동촌119안전센터,1,1000001079,현장도착보고,2024-08-01 13:44,14,2024-08-01 13:44,[동촌119-동촌구급(구급차)][AVL 입력자(동촌구급)]현장도착보고
동촌119안전센터,1,1000001079,출동보고,2024-08-01 13:42,10,2024-08-01 13:42,[동촌119-동촌구급(구급차)][AVL 입력자(동촌구급)]출동보고
동촌119안전센터,3,1000001037,현장도착보고,2024-08-01 13:45,15,2024-08-01 13:45,[동촌119-동촌펌프(호)(펌프차)]현장도착보고
강북구급대,1,1000001208,출동보고,2024-08-01 13:48,6,2024-08-01 13:48,[강북구급대-강북본대1차(구급차)][AVL 입력자(강북본대1차)]출동보고
강북구급대,1,1000001208,현장도착보고,2024-08-01 13:51,8,2024-08-01 13:51,[강북구급대-강북본대1차(구급차)][AVL 입력자(강북본대1차)]현장도착보고
강북구조대,1,1000001013,현장도착보고,2024-08-01 13:52,11,2024-08-01 13:52,[강북구조대-강북구조버스(구조대차)]현장도착보고
강북구조대,1,1000001232,현장도착보고,2024-08-01 13:51,7,2024-08-01 13:51,[강북구조대-강북구조공작(구조대차)][AVL 입력자(강북구조공작)]현장도착보고
강북구조대,1,1000001232,출동보고,2024-08-01 13:47,4,2024-08-01 13:47,[강북구조대-강북구조공작(구조대차)][AVL 입력자(강북구조공작)]출동보고
현풍119안전센터,1,1000000962,현장도착보고,2024-08-01 14:01,5,2024-08-01 14:01,[현풍119-현풍펌프(호)(펌프차)][AVL 입력자(현풍펌프(호))]현장도착보고
현풍119안전센터,1,1000000962,출동보고,2024-08-01 13:53,4,2024-08-01 13:53,[현풍119-현풍펌프(호)(펌프차)][AVL 입력자(현풍펌프(호))]출동보고
효령119지역대,2,1000001192,현장도착보고,2024-08-01 14:11,8,2024-08-01 14:11,[효령지역대-효령펌프(소형)(펌프차)][AVL 입력자(효령펌프(소형))]현장도착보고
효령119지역대,2,1000001192,출동보고,2024-08-01 14:00,7,2024-08-01 14:00,[효령지역대-효령펌프(소형)(펌프차)][AVL 입력자(효령펌프(소형))]출동보고
내당119안전센터,1,1000001038,출동보고,2024-08-01 13:57,4,2024-08-01 13:57,[내당119-내당구급(구급차)][AVL 입력자(내당구급)]출동보고
내당119안전센터,1,1000001038,현장도착보고,2024-08-01 14:02,5,2024-08-01 14:02,[내당119-내당구급(구급차)][AVL 입력자(내당구급)]현장도착보고
안심119안전센터,1,1000000811,출동보고,2024-08-01 14:01,3,2024-08-01 14:01,[안심119-안심펌프(호)(펌프차)][AVL 입력자(안심펌프(호))]출동보고
안심119안전센터,1,1000000811,현장도착보고,2024-08-01 14:20,4,2024-08-01 14:20,[안심119-안심펌프(호)(펌프차)]현장도착보고
무태119안전센터,1,1000001184,현장도착보고,2024-08-01 14:16,8,2024-08-01 14:16,[무태119-무태펌프(구암2차)(펌프차)][AVL 입력자(무태펌프(구암2차))]현장도착보고
무태119안전센터,1,1000001184,출동보고,2024-08-01 14:05,4,2024-08-01 14:05,[무태119-무태펌프(구암2차)(펌프차)][AVL 입력자(무태펌프(구암2차))]출동보고
금호119안전센터,1,1000000967,현장도착보고,2024-08-01 14:17,5,2024-08-01 14:17,[금호119-금호구급(구급차)][AVL 입력자(금호구급)]현장도착보고
금호119안전센터,1,1000000967,출동보고,2024-08-01 14:14,4,2024-08-01 14:14,[금호119-금호구급(구급차)][AVL 입력자(금호구급)]출동보고
불로119안전센터,1,1000001088,현장도착보고,2024-08-01 14:26,7,2024-08-01 14:26,[불로119-불로펌프(카)(펌프차)][AVL 입력자(불로펌프(카))]현장도착보고
불로119안전센터,1,1000001088,출동보고,2024-08-01 14:15,5,2024-08-01 14:15,[불로119-불로펌프(카)(펌프차)][AVL 입력자(불로펌프(카))]출동보고
공산119안전센터,1,1000000827,현장도착보고,2024-08-01 14:27,9,2024-08-01 14:27,"[공산119-공산펌프(호,구조대)(펌프차)]현장도착보고"
공산119안전센터,1,1000000827,출동보고,2024-08-01 14:14,4,2024-08-01 14:14,"[공산119-공산펌프(호,구조대)(펌프차)][AVL 입력자(공산펌프(호,구조대))]출동보고"
동부구조대,1,1000000580,현장도착보고,2024-08-01 14:33,11,2024-08-01 14:33,[동부구조대-동부구조공작(구조대차)][AVL 입력자(동부구조공작)]현장도착보고
동부구조대,1,1000000580,출동보고,2024-08-01 14:15,6,2024-08-01 14:15,[동부구조대-동부구조공작(구조대차)][AVL 입력자(동부구조공작)]출동보고
복현119지역대,1,1000001077,현장도착보고,2024-08-01 14:27,8,2024-08-01 14:27,[복현지역대-복현구급(구급차)][AVL 입력자(복현구급)]현장도착보고
복현119지역대,1,1000001077,출동보고,2024-08-01 14:16,7,2024-08-01 14:16,[복현지역대-복현구급(구급차)][AVL 입력자(복현구급)]출동보고
도원119안전센터,1,1000001159,출동보고,2024-08-01 14:20,4,2024-08-01 14:20,[도원119-도원구급(구급차)][AVL 입력자(도원구급)]출동보고
도원119안전센터,1,1000001159,현장도착보고,2024-08-01 14:31,6,2024-08-01 14:31,[도원119-도원구급(구급차)]현장도착보고
동촌119안전센터,1,1000001037,출동보고,2024-08-01 14:22,4,2024-08-01 14:22,[동촌119-동촌펌프(호)(펌프차)][AVL 입력자(동촌펌프(호))]출동보고
동촌119안전센터,1,1000001037,현장도착보고,2024-08-01 14:28,5,2024-08-01 14:28,[동촌119-동촌펌프(호)(펌프차)][AVL 입력자(동촌펌프(호))]현장도착보고
본리119안전센터,1,1000001029,출동보고,2024-08-01 14:23,4,2024-08-01 14:23,[본리119-본리구급(구급차)][AVL 입력자(본리구급)]출동보고
본리119안전센터,3,1000001029,출동보고,2024-08-01 14:27,10,2024-08-01 14:27,[본리119-본리구급(구급차)][AVL 입력자(본리구급)]출동보고
본리119안전센터,3,1000001029,현장도착보고,2024-08-01 14:30,11,2024-08-01 14:30,[본리119-본리구급(구급차)][AVL 입력자(본리구급)]현장도착보고
죽전119안전센터,2,1000001027,출동보고,2024-08-01 14:26,7,2024-08-01 14:26,[죽전119-죽전구급(구급차)][AVL 입력자(죽전구급)]출동보고
화원119안전센터,1,1000001044,출동보고,2024-08-01 14:25,6,2024-08-01 14:25,[화원119-화원구급(구급차)][AVL 입력자(화원구급)]출동보고
화원119안전센터,1,1000001044,현장도착보고,2024-08-01 14:31,7,2024-08-01 14:31,[화원119-화원구급(구급차)][AVL 입력자(화원구급)]현장도착보고
내당119안전센터,1,1000000817,현장도착보고,2024-08-01 14:30,23,2024-08-01 14:30,[내당119-내당펌프(펌프차)][AVL 입력자(내당펌프)]현장도착보고
내당119안전센터,1,1000000817,출동보고,2024-08-01 14:24,7,2024-08-01 14:24,[내당119-내당펌프(펌프차)][AVL 입력자(내당펌프)]출동보고
내당119안전센터,4,1000001038,현장도착보고,2024-08-01 14:29,21,2024-08-01 14:29,[내당119-내당구급(구급차)]현장도착보고
내당119안전센터,4,1000001038,출동보고,2024-08-01 14:26,16,2024-08-01 14:26,[내당119-내당구급(구급차)][AVL 입력자(내당구급)]출동보고
본리119안전센터,3,1000001029,출동보고,2024-08-01 14:25,12,2024-08-01 14:25,[본리119-본리구급(구급차)][AVL 입력자(본리구급)]출동보고
죽전119안전센터,1,1000001027,출동보고,2024-08-01 14:24,9,2024-08-01 14:24,[죽전119-죽전구급(구급차)][AVL 입력자(죽전구급)]출동보고
죽전119안전센터,5,1000001027,출동보고,2024-08-01 14:28,19,2024-08-01 14:28,[죽전119-죽전구급(구급차)][AVL 입력자(죽전구급)]출동보고
죽전119안전센터,5,1000001027,현장도착보고,2024-08-01 14:29,22,2024-08-01 14:29,[죽전119-죽전구급(구급차)][AVL 입력자(죽전구급)]현장도착보고
중부구급대,2,1000001157,출동보고,2024-08-01 14:25,11,2024-08-01 14:25,[중부구급대-중부특별(본대2차)(구급차)][AVL 입력자(중부특별(본대2차))]출동보고
중부구급대,2,1000001157,현장도착보고,2024-08-01 14:32,29,2024-08-01 14:32,[중부구급대-중부특별(본대2차)(구급차)]현장도착보고
다사119안전센터,2,1000000138,현장도착보고,2024-08-01 14:46,8,2024-08-01 14:46,[다사119-다사소형사다리(18m)(고가차)][AVL 입력자(다사소형사다리(18m))]현장도착보고
다사119안전센터,2,1000000138,출동보고,2024-08-01 14:35,7,2024-08-01 14:35,[다사119-다사소형사다리(18m)(고가차)][AVL 입력자(다사소형사다리(18m))]출동보고
삼덕119안전센터,1,1000001075,현장도착보고,2024-08-01 14:36,7,2024-08-01 14:36,[삼덕119-삼덕구급(구급차)][AVL 입력자(삼덕구급)]현장도착보고
삼덕119안전센터,1,1000001075,출동보고,2024-08-01 14:31,5,2024-08-01 14:31,[삼덕119-삼덕구급(구급차)][AVL 입력자(삼덕구급)]출동보고
고산119안전센터,1,1000000828,현장도착보고,2024-08-01 14:34,28,2024-08-01 14:34,[고산119-고산펌프(호)(펌프차)][AVL 입력자(고산펌프(호))]현장도착보고
고산119안전센터,1,1000001042,출동보고,2024-08-01 14:33,8,2024-08-01 14:33,[고산119-고산탱크(탱크차)][AVL 입력자(고산탱크)]출동보고
고산119안전센터,1,1000001042,현장도착보고,2024-08-01 14:41,29,2024-08-01 14:34,[고산119-고산탱크(탱크차)][AVL 입력자(고산탱크)]현장도착보고
고산119안전센터,1,1000001205,현장도착보고,2024-08-01 14:38,45,2024-08-01 14:38,[고산119-고산구급(구급차)][AVL 입력자(고산구급)]현장도착보고
만촌119안전센터,1,1000000818,현장도착보고,2024-08-01 14:46,61,2024-08-01 14:46,[만촌119-만촌펌프(펌프차)]현장도착보고
안심119안전센터,1,1000000811,출동보고,2024-08-01 14:33,9,2024-08-01 14:33,[안심119-안심펌프(호)(펌프차)][AVL 입력자(안심펌프(호))]출동보고
율하119안전센터,1,1000000823,출동보고,2024-08-01 14:33,21,2024-08-01 14:33,[율하119-율하탱크(탱크차)][AVL 입력자(율하탱크)]출동보고
율하119안전센터,1,1000000959,출동보고,2024-08-01 14:33,20,2024-08-01 14:33,[율하119-율하펌프(호)(펌프차)][AVL 입력자(율하펌프(호))]출동보고
현장지휘단,1,1000000847,현장도착보고,2024-08-01 14:46,59,2024-08-01 14:46,[현장지휘단-수성화재조사(화재조사차)]현장도착보고
현장지휘단,1,1000001177,현장도착보고,2024-08-01 14:44,58,2024-08-01 14:44,[현장지휘단-수성현장지휘(지휘차)][AVL 입력자(수성현장지휘)]현장도착보고
동부구급대,1,1000001165,출동보고,2024-08-01 14:35,6,2024-08-01 14:35,[동부구급대-동부본대1차(구급차)][AVL 입력자(동부본대1차)]출동보고
동부구급대,1,1000001165,현장도착보고,2024-08-01 14:39,7,2024-08-01 14:39,[동부구급대-동부본대1차(구급차)][AVL 입력자(동부본대1차)]현장도착보고
현풍119안전센터,1,1000000962,현장도착보고,2024-08-01 14:47,6,2024-08-01 14:47,[현풍119-현풍펌프(호)(펌프차)][AVL 입력자(현풍펌프(호))]현장도착보고
현풍119안전센터,1,1000000962,출동보고,2024-08-01 14:37,5,2024-08-01 14:37,[현풍119-현풍펌프(호)(펌프차)][AVL 입력자(현풍펌프(호))]출동보고
북부구조대,1,1000000775,출동보고,2024-08-01 14:34,4,2024-08-01 14:34,[북부구조대-북부구조공작(구조대차)][AVL 입력자(북부구조공작)]출동보고
삼덕119안전센터,1,1000000833,출동보고,2024-08-01 14:34,5,2024-08-01 14:34,[삼덕119-삼덕펌프(펌프차)][AVL 입력자(삼덕펌프)]출동보고
삼덕119안전센터,1,1000000833,현장도착보고,2024-08-01 14:38,9,2024-08-01 14:38,[삼덕119-삼덕펌프(펌프차)][AVL 입력자(삼덕펌프)]현장도착보고
서문로119안전센터,1,1000001074,출동보고,2024-08-01 14:36,7,2024-08-01 14:36,[서문로119-서문로구급(구급차)][AVL 입력자(서문로구급)]출동보고
고산119안전센터,2,1000000828,현장도착보고,2024-08-01 15:06,10,2024-08-01 15:06,[고산119-고산펌프(호)(펌프차)]현장도착보고
고산119안전센터,2,1000000828,출동보고,2024-08-01 14:55,6,2024-08-01 14:55,[고산119-고산펌프(호)(펌프차)][AVL 입력자(고산펌프(호))]출동보고
강서구조대,1,1000000752,현장도착보고,2024-08-01 14:48,19,2024-08-01 14:48,[강서구조대-강서구조버스(구조대차)]현장도착보고
강서구조대,1,1000000754,현장도착보고,2024-08-01 14:48,17,2024-08-01 14:48,[강서구조대-강서구조공작(구조대차)][AVL 입력자(강서구조공작)]현장도착보고
강서구조대,1,1000000754,출동보고,2024-08-01 14:43,14,2024-08-01 14:43,[강서구조대-강서구조공작(구조대차)][AVL 입력자(강서구조공작)]출동보고
다사119안전센터,1,1000001238,출동보고,2024-08-01 14:39,5,2024-08-01 14:39,[다사119-다사펌프(카)(펌프차)][AVL 입력자(다사펌프(카))]출동보고
다사119안전센터,1,1000001238,현장도착보고,2024-08-01 14:48,20,2024-08-01 14:48,[다사119-다사펌프(카)(펌프차)]현장도착보고
서부구조대,2,1000001007,출동보고,2024-08-01 14:41,9,2024-08-01 14:41,[서부구조대-서부구조공작(구조대차)][AVL 입력자(서부구조공작)]출동보고
성서119안전센터,1,1000001162,현장도착보고,2024-08-01 14:52,18,2024-08-01 14:48,[성서119-성서구급(구급차)]현장도착보고
성서119안전센터,1,1000001162,출동보고,2024-08-01 14:42,13,2024-08-01 14:42,[성서119-성서구급(구급차)][AVL 입력자(성서구급)]출동보고
죽전119안전센터,1,1000000837,현장도착보고,2024-08-01 14:49,7,2024-08-01 14:49,[죽전119-죽전펌프(펌프차)][AVL 입력자(죽전펌프)]현장도착보고
죽전119안전센터,1,1000000837,출동보고,2024-08-01 14:40,4,2024-08-01 14:40,[죽전119-죽전펌프(펌프차)][AVL 입력자(죽전펌프)]출동보고
대명119지역대,1,1000001209,출동보고,2024-08-01 14:42,3,2024-08-01 14:42,[대명지역대-대명펌프(카)(펌프차)][AVL 입력자(대명펌프(카))]출동보고
대명119지역대,1,1000001209,현장도착보고,2024-08-01 14:46,4,2024-08-01 14:46,[대명지역대-대명펌프(카)(펌프차)][AVL 입력자(대명펌프(카))]현장도착보고
대천119안전센터,1,1000001160,출동보고,2024-08-01 14:47,4,2024-08-01 14:47,[대천119-대천구급(구급차)][AVL 입력자(대천구급)]출동보고
대천119안전센터,1,1000001160,현장도착보고,2024-08-01 14:50,6,2024-08-01 14:50,[대천119-대천구급(구급차)][AVL 입력자(대천구급)]현장도착보고
송현119안전센터,1,1000000141,출동보고,2024-08-01 14:51,4,2024-08-01 14:51,[송현119-송현펌프(호)(펌프차)][AVL 입력자(송현펌프(호))]출동보고
송현119안전센터,1,1000000141,현장도착보고,2024-08-01 14:56,5,2024-08-01 14:56,[송현119-송현펌프(호)(펌프차)][AVL 입력자(송현펌프(호))]현장도착보고
북부구급대,1,1000001076,현장도착보고,2024-08-01 14:54,10,2024-08-01 14:54,[북부구급대-북부특별1차(구급차)][AVL 입력자(북부특별1차)]현장도착보고
북부구급대,1,1000001076,출동보고,2024-08-01 14:51,9,2024-08-01 14:51,[북부구급대-북부특별1차(구급차)][AVL 입력자(북부특별1차)]출동보고
북부구급대,3,1000001147,현장도착보고,2024-08-01 15:03,15,2024-08-01 15:03,[북부구급대-북부본대2차(구급차)][AVL 입력자(북부본대2차)]현장도착보고
북부구급대,3,1000001147,출동보고,2024-08-01 15:02,14,2024-08-01 15:02,[북부구급대-북부본대2차(구급차)][AVL 입력자(북부본대2차)]출동보고
북부구조대,1,1000000775,현장도착보고,2024-08-01 15:03,17,2024-08-01 15:03,[북부구조대-북부구조공작(구조대차)]현장도착보고
북부구조대,1,1000000775,출동보고,2024-08-01 14:50,5,2024-08-01 14:50,[북부구조대-북부구조공작(구조대차)][AVL 입력자(북부구조공작)]출동보고
북부구조대,2,1000001019,현장도착보고,2024-08-01 15:03,16,2024-08-01 15:03,[북부구조대-북부구조버스(구조대차)]현장도착보고
칠성119안전센터,1,1000000719,현장도착보고,2024-08-01 14:56,11,2024-08-01 14:56,[칠성119-칠성펌프(펌프차)][AVL 입력자(칠성펌프)]현장도착보고
칠성119안전센터,1,1000000719,출동보고,2024-08-01 14:51,7,2024-08-01 14:51,[칠성119-칠성펌프(펌프차)][AVL 입력자(칠성펌프)]출동보고
태전119안전센터,1,1000001170,현장도착보고,2024-08-01 15:00,5,2024-08-01 15:00,[태전119-태전펌프(카)(펌프차)][AVL 입력자(태전펌프(카))]현장도착보고
무열로119안전센터,1,1000001025,현장도착보고,2024-08-01 14:57,6,2024-08-01 14:57,[무열로119-무열로구급(구급차)][AVL 입력자(무열로구급)]현장도착보고
무열로119안전센터,1,1000001025,출동보고,2024-08-01 14:53,5,2024-08-01 14:53,[무열로119-무열로구급(구급차)][AVL 입력자(무열로구급)]출동보고
태전119안전센터,1,1000001149,현장도착보고,2024-08-01 14:58,5,2024-08-01 14:58,[태전119-태전구급(구급차)][AVL 입력자(태전구급)]현장도착보고
태전119안전센터,1,1000001149,출동보고,2024-08-01 14:55,4,2024-08-01 14:55,[태전119-태전구급(구급차)][AVL 입력자(태전구급)]출동보고
구암119안전센터,1,1000001169,현장도착보고,2024-08-01 15:03,5,2024-08-01 15:03,[구암119안전센터-구암펌프1차(카)(펌프차)][AVL 입력자(구암펌프1차(카))]현장도착보고
구암119안전센터,1,1000001169,출동보고,2024-08-01 14:57,3,2024-08-01 14:57,[구암119안전센터-구암펌프1차(카)(펌프차)][AVL 입력자(구암펌프1차(카))]출동보고
안심119안전센터,1,1000000811,현장도착보고,2024-08-01 15:02,4,2024-08-01 15:02,[안심119-안심펌프(호)(펌프차)][AVL 입력자(안심펌프(호))]현장도착보고
안심119안전센터,1,1000000811,출동보고,2024-08-01 14:55,3,2024-08-01 14:55,[안심119-안심펌프(호)(펌프차)][AVL 입력자(안심펌프(호))]출동보고
성명119안전센터,1,1000001026,출동보고,2024-08-01 14:57,5,2024-08-01 14:57,[성명119-성명구급(구급차)][AVL 입력자(성명구급)]출동보고
성명119안전센터,1,1000001026,현장도착보고,2024-08-01 15:07,9,2024-08-01 15:07,[성명119-성명구급(구급차)][AVL 입력자(성명구급)]현장도착보고
산격119안전센터,1,1000001148,출동보고,2024-08-01 14:57,4,2024-08-01 14:57,[산격119-산격구급(구급차)][AVL 입력자(산격구급)]출동보고
산격119안전센터,1,1000001148,현장도착보고,2024-08-01 15:04,5,2024-08-01 15:04,[산격119-산격구급(구급차)][AVL 입력자(산격구급)]현장도착보고
본리119안전센터,2,1000001029,현장도착보고,2024-08-01 15:03,7,2024-08-01 15:03,[본리119-본리구급(구급차)][AVL 입력자(본리구급)]현장도착보고
죽전119안전센터,1,1000001027,현장도착보고,2024-08-01 15:07,10,2024-08-01 15:07,[죽전119-죽전구급(구급차)][AVL 입력자(죽전구급)]현장도착보고
죽전119안전센터,1,1000001027,출동보고,2024-08-01 14:58,5,2024-08-01 14:58,[죽전119-죽전구급(구급차)][AVL 입력자(죽전구급)]출동보고
태전119안전센터,2,1000001170,현장도착보고,2024-08-01 15:15,11,2024-08-01 15:15,[태전119-태전펌프(카)(펌프차)][AVL 입력자(태전펌프(카))]현장도착보고
죽전119안전센터,2,1000000837,현장도착보고,2024-08-01 15:55,8,2024-08-01 15:55,[죽전119-죽전펌프(펌프차)][AVL 입력자(죽전펌프)]현장도착보고
노원119안전센터,1,1000000816,현장도착보고,2024-08-01 15:07,4,2024-08-01 15:07,[노원119-노원펌프(펌프차)]현장도착보고
노원119안전센터,1,1000000816,출동보고,2024-08-01 14:59,3,2024-08-01 14:59,[노원119-노원펌프(펌프차)][AVL 입력자(노원펌프)]출동보고
내당119안전센터,2,1000000817,출동보고,2024-08-01 15:02,14,2024-08-01 15:02,[내당119-내당펌프(펌프차)][AVL 입력자(내당펌프)]출동보고
중부구급대,1,1000001073,출동보고,2024-08-01 15:00,7,2024-08-01 15:00,[중부구급대-중부본대1차(구급차)][AVL 입력자(중부본대1차)]출동보고
중부구급대,1,1000001073,현장도착보고,2024-08-01 15:05,19,2024-08-01 15:05,[중부구급대-중부본대1차(구급차)][AVL 입력자(중부본대1차)]현장도착보고
중부구조대,1,1000001006,현장도착보고,2024-08-01 15:05,18,2024-08-01 15:05,[중부구조대-중부구조공작(구조대차)][AVL 입력자(중부구조공작)]현장도착보고
중부구조대,1,1000001006,출동보고,2024-08-01 14:59,4,2024-08-01 14:59,[중부구조대-중부구조공작(구조대차)][AVL 입력자(중부구조공작)]출동보고
중부구조대,1,1000001212,현장도착보고,2024-08-01 15:06,20,2024-08-01 15:06,[중부구조대-중부구조버스(구조대차)]현장도착보고
읍내119안전센터,1,1000001207,현장도착보고,2024-08-01 15:04,5,2024-08-01 15:04,[읍내119-읍내구급(구급차)][AVL 입력자(읍내구급)]현장도착보고
읍내119안전센터,1,1000001207,출동보고,2024-08-01 15:01,3,2024-08-01 15:01,[읍내119-읍내구급(구급차)][AVL 입력자(읍내구급)]출동보고
옥포119안전센터,1,1000000901,현장도착보고,2024-08-01 15:19,4,2024-08-01 15:19,"[옥포119-옥포펌프(호,구조대)(펌프차)][AVL 입력자(옥포펌프(호,구조대))]현장도착보고"
옥포119안전센터,1,1000000901,출동보고,2024-08-01 15:07,3,2024-08-01 15:07,"[옥포119-옥포펌프(호,구조대)(펌프차)][AVL 입력자(옥포펌프(호,구조대))]출동보고"
고산119안전센터,2,1000000828,현장도착보고,2024-08-01 15:39,6,2024-08-01 15:39,[고산119-고산펌프(호)(펌프차)]현장도착보고
고산119안전센터,2,1000000828,출동보고,2024-08-01 15:19,5,2024-08-01 15:19,[고산119-고산펌프(호)(펌프차)][AVL 입력자(고산펌프(호))]출동보고
본리119안전센터,1,1000001029,출동보고,2024-08-01 15:07,3,2024-08-01 15:07,[본리119-본리구급(구급차)][AVL 입력자(본리구급)]출동보고
본리119안전센터,1,1000001029,현장도착보고,2024-08-01 15:15,7,2024-08-01 15:15,[본리119-본리구급(구급차)][AVL 입력자(본리구급)]현장도착보고
월성119안전센터,1,1000001032,현장도착보고,2024-08-01 15:18,5,2024-08-01 15:18,[월성119-월성펌프(호)(펌프차)][AVL 입력자(월성펌프(호))]현장도착보고
월성119안전센터,1,1000001032,출동보고,2024-08-01 15:15,3,2024-08-01 15:15,[월성119-월성펌프(호)(펌프차)][AVL 입력자(월성펌프(호))]출동보고
의흥119안전센터,1,1000001187,현장도착보고,2024-08-01 15:58,4,2024-08-01 15:58,"[의흥119-의흥펌프(소형,구조)(펌프차)][AVL 입력자(의흥펌프(소형,구조))]현장도착보고"
의흥119안전센터,1,1000001187,출동보고,2024-08-01 15:15,3,2024-08-01 15:15,"[의흥119-의흥펌프(소형,구조)(펌프차)][AVL 입력자(의흥펌프(소형,구조))]출동보고"
매곡119안전센터,1,1000000908,현장도착보고,2024-08-01 15:17,7,2024-08-01 15:17,[매곡119-매곡펌프(호)(펌프차)][AVL 입력자(매곡펌프(호))]현장도착보고
매곡119안전센터,1,1000000908,출동보고,2024-08-01 15:16,6,2024-08-01 15:16,[매곡119-매곡펌프(호)(펌프차)][AVL 입력자(매곡펌프(호))]출동보고
안심119안전센터,1,1000001210,출동보고,2024-08-01 15:16,5,2024-08-01 15:16,[안심119-안심특별구급(구급차)][AVL 입력자(안심특별구급)]출동보고
안심119안전센터,1,1000001210,현장도착보고,2024-08-01 15:21,6,2024-08-01 15:21,[안심119-안심특별구급(구급차)][AVL 입력자(안심특별구급)]현장도착보고
수성119안전센터,1,1000001064,출동보고,2024-08-01 15:20,5,2024-08-01 15:20,[수성119-수성센터구급(구급차)][AVL 입력자(수성센터구급)]출동보고
수성119안전센터,1,1000001064,현장도착보고,2024-08-01 15:25,6,2024-08-01 15:25,[수성119-수성센터구급(구급차)][AVL 입력자(수성센터구급)]현장도착보고
옥포119안전센터,2,1000000901,출동보고,2024-08-01 15:32,5,2024-08-01 15:32,"[옥포119-옥포펌프(호,구조대)(펌프차)][AVL 입력자(옥포펌프(호,구조대))]출동보고"
옥포119안전센터,2,1000000901,현장도착보고,2024-08-01 15:43,7,2024-08-01 15:43,"[옥포119-옥포펌프(호,구조대)(펌프차)][AVL 입력자(옥포펌프(호,구조대))]현장도착보고"
북부구조대,2,1000000775,현장도착보고,2024-08-01 15:40,14,2024-08-01 15:40,[북부구조대-북부구조공작(구조대차)][AVL 입력자(북부구조공작)]현장도착보고
북부구조대,2,1000000775,출동보고,2024-08-01 15:37,10,2024-08-01 15:37,[북부구조대-북부구조공작(구조대차)][AVL 입력자(북부구조공작)]출동보고
북부구조대,2,1000001019,현장도착보고,2024-08-01 15:44,15,2024-08-01 15:44,[북부구조대-북부구조버스(구조대차)]현장도착보고
침산119안전센터,1,1000001024,현장도착보고,2024-08-01 15:34,6,2024-08-01 15:34,[침산119-침산구급(구급차)][AVL 입력자(침산구급)]현장도착보고
침산119안전센터,1,1000001024,출동보고,2024-08-01 15:25,3,2024-08-01 15:25,[침산119-침산구급(구급차)][AVL 입력자(침산구급)]출동보고
침산119안전센터,2,1000000896,현장도착보고,2024-08-01 15:39,13,2024-08-01 15:39,[침산119-침산펌프(호)(펌프차)][AVL 입력자(침산펌프(호))]현장도착보고
침산119안전센터,2,1000000896,출동보고,2024-08-01 15:34,7,2024-08-01 15:34,[침산119-침산펌프(호)(펌프차)][AVL 입력자(침산펌프(호))]출동보고
율하119안전센터,1,1000000857,현장도착보고,2024-08-01 15:34,8,2024-08-01 15:34,[율하119-율하구급(구급차)][AVL 입력자(율하구급)]현장도착보고
율하119안전센터,1,1000000857,출동보고,2024-08-01 15:25,6,2024-08-01 15:25,[율하119-율하구급(구급차)][AVL 입력자(율하구급)]출동보고
화원119안전센터,1,1000001044,출동보고,2024-08-01 15:29,5,2024-08-01 15:29,[화원119-화원구급(구급차)][AVL 입력자(화원구급)]출동보고
화원119안전센터,1,1000001044,현장도착보고,2024-08-01 15:33,6,2024-08-01 15:33,[화원119-화원구급(구급차)][AVL 입력자(화원구급)]현장도착보고
대명119지역대,1,1000001072,출동보고,2024-08-01 15:30,4,2024-08-01 15:30,[대명지역대-대명구급(구급차)][AVL 입력자(대명구급)]출동보고
대명119지역대,1,1000001072,현장도착보고,2024-08-01 15:34,5,2024-08-01 15:34,[대명지역대-대명구급(구급차)][AVL 입력자(대명구급)]현장도착보고
대현119안전센터,5,1000001206,현장도착보고,2024-08-01 15:45,36,2024-08-01 15:45,[대현119-대현구급(구급차)][AVL 입력자(대현구급)]현장도착보고
동부구급대,3,1000000999,출동보고,2024-08-01 15:32,17,2024-08-01 15:32,[동부구급대-동부특별구급(2차)(구급차)][AVL 입력자(동부특별구급(2차))]출동보고
동부구급대,3,1000000999,현장도착보고,2024-08-01 15:43,33,2024-08-01 15:43,[동부구급대-동부특별구급(2차)(구급차)][AVL 입력자(동부특별구급(2차))]현장도착보고
동부구조대,1,1000000580,출동보고,2024-08-01 15:31,9,2024-08-01 15:31,[동부구조대-동부구조공작(구조대차)][AVL 입력자(동부구조공작)]출동보고
동부구조대,4,1000001016,현장도착보고,2024-08-01 15:44,34,2024-08-01 15:44,[동부구조대-동부구조버스(구조대차)]현장도착보고
북부구조대,1,1000000775,출동보고,2024-08-01 15:31,3,2024-08-01 15:31,[북부구조대-북부구조공작(구조대차)][AVL 입력자(북부구조공작)]출동보고
불로119안전센터,1,1000000739,현장도착보고,2024-08-01 15:35,21,2024-08-01 15:35,[불로119-불로구급(구급차)][AVL 입력자(불로구급)]현장도착보고
불로119안전센터,1,1000000739,출동보고,2024-08-01 15:32,12,2024-08-01 15:32,[불로119-불로구급(구급차)][AVL 입력자(불로구급)]출동보고
불로119안전센터,2,1000001088,현장도착보고,2024-08-01 15:37,25,2024-08-01 15:37,[불로119-불로펌프(카)(펌프차)][AVL 입력자(불로펌프(카))]현장도착보고
불로119안전센터,2,1000001088,출동보고,2024-08-01 15:32,14,2024-08-01 15:32,[불로119-불로펌프(카)(펌프차)][AVL 입력자(불로펌프(카))]출동보고
강서구급대,1,1000001080,출동보고,2024-08-01 15:36,4,2024-08-01 15:36,[강서구급대-강서본대1차(구급차)][AVL 입력자(강서본대1차)]출동보고
강서구급대,1,1000001080,현장도착보고,2024-08-01 15:39,6,2024-08-01 15:39,[강서구급대-강서본대1차(구급차)][AVL 입력자(강서본대1차)]현장도착보고
강서구급대,2,1000001082,출동보고,2024-08-01 16:07,9,2024-08-01 16:07,[강서구급대-강서특별(본대2차)(구급차)][AVL 입력자(강서특별(본대2차))]출동보고
강서구급대,2,1000001082,현장도착보고,2024-08-01 16:10,10,2024-08-01 16:10,[강서구급대-강서특별(본대2차)(구급차)][AVL 입력자(강서특별(본대2차))]현장도착보고
안심119안전센터,1,1000000811,현장도착보고,2024-08-01 15:41,6,2024-08-01 15:41,[안심119-안심펌프(호)(펌프차)][AVL 입력자(안심펌프(호))]현장도착보고
안심119안전센터,1,1000000811,출동보고,2024-08-01 15:38,5,2024-08-01 15:38,[안심119-안심펌프(호)(펌프차)][AVL 입력자(안심펌프(호))]출동보고
옥포119안전센터,1,1000001069,출동보고,2024-08-01 15:41,3,2024-08-01 15:41,[옥포119-옥포구급(구급차)][AVL 입력자(옥포구급)]출동보고
옥포119안전센터,1,1000001069,현장도착보고,2024-08-01 15:45,4,2024-08-01 15:45,[옥포119-옥포구급(구급차)][AVL 입력자(옥포구급)]현장도착보고
서문로119안전센터,1,1000001074,출동보고,2024-08-01 15:43,4,2024-08-01 15:43,[서문로119-서문로구급(구급차)][AVL 입력자(서문로구급)]출동보고
서문로119안전센터,1,1000001074,현장도착보고,2024-08-01 15:49,5,2024-08-01 15:49,[서문로119-서문로구급(구급차)][AVL 입력자(서문로구급)]현장도착보고
동부구급대,3,1000001165,출동보고,2024-08-01 15:50,14,2024-08-01 15:50,[동부구급대-동부본대1차(구급차)][AVL 입력자(동부본대1차)]출동보고
동부구급대,3,1000001165,현장도착보고,2024-08-01 15:54,21,2024-08-01 15:54,[동부구급대-동부본대1차(구급차)][AVL 입력자(동부본대1차)]현장도착보고
동부구조대,2,1000000580,현장도착보고,2024-08-01 15:53,19,2024-08-01 15:53,[동부구조대-동부구조공작(구조대차)][AVL 입력자(동부구조공작)]현장도착보고
동부구조대,2,1000000580,출동보고,2024-08-01 15:48,11,2024-08-01 15:48,[동부구조대-동부구조공작(구조대차)][AVL 입력자(동부구조공작)]출동보고
만촌119안전센터,1,1000001217,출동보고,2024-08-01 15:47,8,2024-08-01 15:47,[만촌119-만촌특별구급(구급차)][AVL 입력자(만촌특별구급)]출동보고
신천119안전센터,1,1000000826,출동보고,2024-08-01 15:45,4,2024-08-01 15:45,[신천119-신천펌프(펌프차)][AVL 입력자(신천펌프)]출동보고
신천119안전센터,1,1000000826,현장도착보고,2024-08-01 15:50,15,2024-08-01 15:50,[신천119-신천펌프(펌프차)][AVL 입력자(신천펌프)]현장도착보고
중부구조대,1,1000001006,출동보고,2024-08-01 15:45,3,2024-08-01 15:45,[중부구조대-중부구조공작(구조대차)][AVL 입력자(중부구조공작)]출동보고
다사119안전센터,1,1000001238,출동보고,2024-08-01 15:48,3,2024-08-01 15:48,[다사119-다사펌프(카)(펌프차)][AVL 입력자(다사펌프(카))]출동보고
다사119안전센터,1,1000001238,현장도착보고,2024-08-01 15:55,4,2024-08-01 15:55,[다사119-다사펌프(카)(펌프차)][AVL 입력자(다사펌프(카))]현장도착보고
노원119안전센터,1,1000001253,현장도착보고,2024-08-01 15:53,5,2024-08-01 15:53,[노원119-노원구급(구급차)][AVL 입력자(노원구급)]현장도착보고
노원119안전센터,1,1000001253,출동보고,2024-08-01 15:51,4,2024-08-01 15:51,[노원119-노원구급(구급차)][AVL 입력자(노원구급)]출동보고
도원119안전센터,1,1000000723,현장도착보고,2024-08-01 15:53,4,2024-08-01 15:53,[도원119-도원펌프(호)(펌프차)][AVL 입력자(도원펌프(호))]현장도착보고
도원119안전센터,1,1000000723,출동보고,2024-08-01 15:51,3,2024-08-01 15:51,[도원119-도원펌프(호)(펌프차)][AVL 입력자(도원펌프(호))]출동보고
읍내119안전센터,1,1000001030,출동보고,2024-08-01 15:54,4,2024-08-01 15:54,[읍내119-읍내펌프(호)(펌프차)][AVL 입력자(읍내펌프(호))]출동보고
읍내119안전센터,1,1000001030,현장도착보고,2024-08-01 16:06,5,2024-08-01 16:06,[읍내119-읍내펌프(호)(펌프차)][AVL 입력자(읍내펌프(호))]현장도착보고
봉덕119안전센터,1,1000001158,출동보고,2024-08-01 15:55,4,2024-08-01 15:55,[봉덕119-봉덕구급(구급차)][AVL 입력자(봉덕구급)]출동보고
고산119안전센터,1,1000001205,출동보고,2024-08-01 15:56,5,2024-08-01 15:56,[고산119-고산구급(구급차)][AVL 입력자(고산구급)]출동보고
고산119안전센터,1,1000001205,현장도착보고,2024-08-01 16:06,7,2024-08-01 16:06,[고산119-고산구급(구급차)]현장도착보고
수성구급대,1,1000001163,출동보고,2024-08-01 15:56,4,2024-08-01 15:56,[수성구급대-수성본대1차(구급차)][AVL 입력자(수성본대1차)]출동보고
수성구급대,1,1000001163,현장도착보고,2024-08-01 16:04,8,2024-08-01 16:04,[수성구급대-수성본대1차(구급차)][AVL 입력자(수성본대1차)]현장도착보고
복현119지역대,2,1000001077,출동보고,2024-08-01 15:58,8,2024-08-01 15:58,[복현지역대-복현구급(구급차)][AVL 입력자(복현구급)]출동보고
복현119지역대,2,1000001077,현장도착보고,2024-08-01 16:03,16,2024-08-01 16:03,[복현지역대-복현구급(구급차)][AVL 입력자(복현구급)]현장도착보고
북부구조대,4,1000000775,출동보고,2024-08-01 15:59,11,2024-08-01 15:59,[북부구조대-북부구조공작(구조대차)][AVL 입력자(북부구조공작)]출동보고
중부구급대,3,1000001157,출동보고,2024-08-01 15:58,10,2024-08-01 15:58,[중부구급대-중부특별(본대2차)(구급차)][AVL 입력자(중부특별(본대2차))]출동보고
명덕119안전센터,1,1000000995,현장도착보고,2024-08-01 16:03,5,2024-08-01 16:03,[명덕119-명덕구급(구급차)][AVL 입력자(명덕구급)]현장도착보고
명덕119안전센터,1,1000000995,출동보고,2024-08-01 16:00,4,2024-08-01 16:00,[명덕119-명덕구급(구급차)][AVL 입력자(명덕구급)]출동보고
대천119안전센터,1,1000001160,출동보고,2024-08-01 16:05,3,2024-08-01 16:05,[대천119-대천구급(구급차)][AVL 입력자(대천구급)]출동보고
대천119안전센터,1,1000001160,현장도착보고,2024-08-01 16:09,4,2024-08-01 16:09,[대천119-대천구급(구급차)][AVL 입력자(대천구급)]현장도착보고
다사119안전센터,2,1000001238,출동보고,2024-08-01 16:13,6,2024-08-01 16:13,[다사119-다사펌프(카)(펌프차)][AVL 입력자(다사펌프(카))]출동보고
다사119안전센터,2,1000001238,현장도착보고,2024-08-01 16:13,7,2024-08-01 16:13,[다사119-다사펌프(카)(펌프차)][AVL 입력자(다사펌프(카))]현장도착보고
성명119안전센터,1,1000001026,출동보고,2024-08-01 16:08,3,2024-08-01 16:08,[성명119-성명구급(구급차)][AVL 입력자(성명구급)]출동보고
상동119안전센터,1,1000000965,출동보고,2024-08-01 16:11,5,2024-08-01 16:11,[상동119-상동구급(수성예비)(구급차)][AVL 입력자(상동구급(수성예비))]출동보고
상동119안전센터,1,1000000965,현장도착보고,2024-08-01 16:15,6,2024-08-01 16:15,[상동119-상동구급(수성예비)(구급차)][AVL 입력자(상동구급(수성예비))]현장도착보고
봉덕119안전센터,1,1000001158,출동보고,2024-08-01 16:12,3,2024-08-01 16:12,[봉덕119-봉덕구급(구급차)][AVL 입력자(봉덕구급)]출동보고
봉덕119안전센터,1,1000001158,현장도착보고,2024-08-01 16:18,4,2024-08-01 16:18,[봉덕119-봉덕구급(구급차)][AVL 입력자(봉덕구급)]현장도착보고
도원119안전센터,1,1000000723,출동보고,2024-08-01 16:12,4,2024-08-01 16:12,[도원119-도원펌프(호)(펌프차)][AVL 입력자(도원펌프(호))]출동보고
도원119안전센터,1,1000000723,현장도착보고,2024-08-01 16:17,6,2024-08-01 16:17,[도원119-도원펌프(호)(펌프차)]현장도착보고
성서119안전센터,1,1000001162,출동보고,2024-08-01 16:14,7,2024-08-01 16:14,[성서119-성서구급(구급차)][AVL 입력자(성서구급)]출동보고
성서119안전센터,1,1000001162,현장도착보고,2024-08-01 16:18,8,2024-08-01 16:18,[성서119-성서구급(구급차)][AVL 입력자(성서구급)]현장도착보고
동부구급대,2,1000001165,현장도착보고,2024-08-01 16:18,9,2024-08-01 16:18,[동부구급대-동부본대1차(구급차)][AVL 입력자(동부본대1차)]현장도착보고
동부구급대,2,1000001165,출동보고,2024-08-01 16:15,8,2024-08-01 16:15,[동부구급대-동부본대1차(구급차)][AVL 입력자(동부본대1차)]출동보고
공산119안전센터,1,1000000827,출동보고,2024-08-01 16:15,6,2024-08-01 16:15,"[공산119-공산펌프(호,구조대)(펌프차)][AVL 입력자(공산펌프(호,구조대))]출동보고"
공산119안전센터,1,1000000827,현장도착보고,2024-08-01 16:31,10,2024-08-01 16:31,"[공산119-공산펌프(호,구조대)(펌프차)]현장도착보고"
공산119안전센터,2,1000000592,출동보고,2024-08-01 16:15,7,2024-08-01 16:15,[공산119-공산순찰(순찰차)][AVL 입력자(공산순찰)]출동보고
송현119안전센터,1,1000001067,현장도착보고,2024-08-01 16:23,8,2024-08-01 16:23,[송현119-송현구급(구급차)][AVL 입력자(송현구급)]현장도착보고
송현119안전센터,1,1000001067,출동보고,2024-08-01 16:16,6,2024-08-01 16:16,[송현119-송현구급(구급차)][AVL 입력자(송현구급)]출동보고
북부구급대,1,1000001147,현장도착보고,2024-08-01 16:25,5,2024-08-01 16:25,[북부구급대-북부본대2차(구급차)][AVL 입력자(북부본대2차)]현장도착보고
북부구급대,1,1000001147,출동보고,2024-08-01 16:23,4,2024-08-01 16:23,[북부구급대-북부본대2차(구급차)][AVL 입력자(북부본대2차)]출동보고
성명119안전센터,1,1000001026,현장도착보고,2024-08-01 16:32,6,2024-08-01 16:32,[성명119-성명구급(구급차)][AVL 입력자(성명구급)]현장도착보고
성명119안전센터,1,1000001026,출동보고,2024-08-01 16:26,5,2024-08-01 16:26,[성명119-성명구급(구급차)][AVL 입력자(성명구급)]출동보고
군위119구조대,1,1000001248,출동보고,2024-08-01 16:25,3,2024-08-01 16:25,[군위구조대-군위구조공작(구조대차)][AVL 입력자(군위구조공작)]출동보고
의흥119안전센터,2,1000001187,현장도착보고,2024-08-01 17:01,18,2024-08-01 17:01,"[의흥119-의흥펌프(소형,구조)(펌프차)][AVL 입력자(의흥펌프(소형,구조))]현장도착보고"
의흥119안전센터,2,1000001187,출동보고,2024-08-01 16:36,13,2024-08-01 16:36,"[의흥119-의흥펌프(소형,구조)(펌프차)][AVL 입력자(의흥펌프(소형,구조))]출동보고"
도원119안전센터,1,1000000723,현장도착보고,2024-08-01 16:30,4,2024-08-01 16:30,[도원119-도원펌프(호)(펌프차)][AVL 입력자(도원펌프(호))]현장도착보고
삼덕119안전센터,1,1000001075,출동보고,2024-08-01 16:27,5,2024-08-01 16:27,[삼덕119-삼덕구급(구급차)][AVL 입력자(삼덕구급)]출동보고
삼덕119안전센터,1,1000001075,현장도착보고,2024-08-01 16:30,6,2024-08-01 16:30,[삼덕119-삼덕구급(구급차)][AVL 입력자(삼덕구급)]현장도착보고
매곡119안전센터,1,1000001161,출동보고,2024-08-01 16:28,3,2024-08-01 16:28,[매곡119-매곡구급(구급차)][AVL 입력자(매곡구급)]출동보고
매곡119안전센터,1,1000001161,현장도착보고,2024-08-01 16:35,6,2024-08-01 16:35,[매곡119-매곡구급(구급차)][AVL 입력자(매곡구급)]현장도착보고
달성구조대,1,1000000778,출동보고,2024-08-01 16:30,3,2024-08-01 16:30,[달성구조대-달성구조공작(구조대차)][AVL 입력자(달성구조공작)]출동보고
달성구조대,1,1000000778,현장도착보고,2024-08-01 16:39,6,2024-08-01 16:39,[달성구조대-달성구조공작(구조대차)][AVL 입력자(달성구조공작)]현장도착보고
달성구조대,1,1000000863,현장도착보고,2024-08-01 16:43,7,2024-08-01 16:43,[달성구조대-달성구조버스(구조대차)]현장도착보고
중부구급대,1,1000001073,현장도착보고,2024-08-01 16:37,7,2024-08-01 16:37,[중부구급대-중부본대1차(구급차)][AVL 입력자(중부본대1차)]현장도착보고
중부구급대,1,1000001073,출동보고,2024-08-01 16:29,4,2024-08-01 16:29,[중부구급대-중부본대1차(구급차)][AVL 입력자(중부본대1차)]출동보고
수성구급대,1,1000001065,현장도착보고,2024-08-01 16:42,6,2024-08-01 16:42,[수성구급대-수성본대2차(구급차)][AVL 입력자(수성본대2차)]현장도착보고
수성구급대,1,1000001065,출동보고,2024-08-01 16:34,5,2024-08-01 16:34,[수성구급대-수성본대2차(구급차)][AVL 입력자(수성본대2차)]출동보고
옥포119안전센터,1,1000000901,현장도착보고,2024-08-01 16:42,4,2024-08-01 16:42,"[옥포119-옥포펌프(호,구조대)(펌프차)][AVL 입력자(옥포펌프(호,구조대))]현장도착보고"
옥포119안전센터,1,1000000901,출동보고,2024-08-01 16:36,3,2024-08-01 16:36,"[옥포119-옥포펌프(호,구조대)(펌프차)][AVL 입력자(옥포펌프(호,구조대))]출동보고"
죽전119안전센터,1,1000001027,현장도착보고,2024-08-01 16:38,6,2024-08-01 16:38,[죽전119-죽전구급(구급차)][AVL 입력자(죽전구급)]현장도착보고
죽전119안전센터,1,1000001027,출동보고,2024-08-01 16:36,5,2024-08-01 16:36,[죽전119-죽전구급(구급차)][AVL 입력자(죽전구급)]출동보고
황금119안전센터,1,1000001164,현장도착보고,2024-08-01 16:47,4,2024-08-01 16:47,[황금119-황금구급(구급차)][AVL 입력자(황금구급)]현장도착보고
황금119안전센터,1,1000001164,출동보고,2024-08-01 16:39,3,2024-08-01 16:39,[황금119-황금구급(구급차)][AVL 입력자(황금구급)]출동보고
읍내119안전센터,1,1000001030,현장도착보고,2024-08-01 16:44,4,2024-08-01 16:44,[읍내119-읍내펌프(호)(펌프차)][AVL 입력자(읍내펌프(호))]현장도착보고
읍내119안전센터,1,1000001030,출동보고,2024-08-01 16:40,3,2024-08-01 16:40,[읍내119-읍내펌프(호)(펌프차)][AVL 입력자(읍내펌프(호))]출동보고
화원119안전센터,1,1000000813,현장도착보고,2024-08-01 17:11,6,2024-08-01 16:56,[화원119-화원펌프(펌프차)][AVL 입력자(화원펌프)]현장도착보고
비산119안전센터,1,1000001151,현장도착보고,2024-08-01 16:46,6,2024-08-01 16:46,[비산119-비산구급(구급차)][AVL 입력자(비산구급)]현장도착보고
비산119안전센터,1,1000001151,출동보고,2024-08-01 16:42,5,2024-08-01 16:42,[비산119-비산구급(구급차)][AVL 입력자(비산구급)]출동보고
안심119안전센터,1,1000000811,현장도착보고,2024-08-01 16:51,8,2024-08-01 16:51,[안심119-안심펌프(호)(펌프차)][AVL 입력자(안심펌프(호))]현장도착보고
안심119안전센터,1,1000000811,출동보고,2024-08-01 16:42,4,2024-08-01 16:42,[안심119-안심펌프(호)(펌프차)][AVL 입력자(안심펌프(호))]출동보고
안심119안전센터,1,1000001210,현장도착보고,2024-08-01 16:57,7,2024-08-01 16:57,[안심119-안심특별구급(구급차)][AVL 입력자(안심특별구급)]현장도착보고
안심119안전센터,1,1000001210,출동보고,2024-08-01 16:45,5,2024-08-01 16:45,[안심119-안심특별구급(구급차)][AVL 입력자(안심특별구급)]출동보고
대명119지역대,1,1000001072,출동보고,2024-08-01 16:46,9,2024-08-01 16:46,[대명지역대-대명구급(구급차)][AVL 입력자(대명구급)]출동보고
범물119안전센터,1,1000000898,출동보고,2024-08-01 16:47,11,2024-08-01 16:47,[범물119-범물펌프(호)(펌프차)][AVL 입력자(범물펌프(호))]출동보고
범물119안전센터,1,1000000898,현장도착보고,2024-08-01 16:49,14,2024-08-01 16:49,[범물119-범물펌프(호)(펌프차)][AVL 입력자(범물펌프(호))]현장도착보고
수성구급대,2,1000001163,현장도착보고,2024-08-01 16:55,20,2024-08-01 16:55,[수성구급대-수성본대1차(구급차)]현장도착보고
수성구급대,2,1000001163,출동보고,2024-08-01 16:49,13,2024-08-01 16:49,[수성구급대-수성본대1차(구급차)][AVL 입력자(수성본대1차)]출동보고
수성구조대,1,1000000779,출동보고,2024-08-01 16:45,4,2024-08-01 16:45,[수성구조대-수성구조공작(구조대차)][AVL 입력자(수성구조공작)]출동보고
수성구조대,1,1000000779,현장도착보고,2024-08-01 16:50,16,2024-08-01 16:50,[수성구조대-수성구조공작(구조대차)][AVL 입력자(수성구조공작)]현장도착보고
수성구조대,3,1000001015,현장도착보고,2024-08-01 16:52,18,2024-08-01 16:52,[수성구조대-수성구조버스(구조대차)]현장도착보고
율하119안전센터,1,1000000959,현장도착보고,2024-08-01 16:52,5,2024-08-01 16:52,[율하119-율하펌프(호)(펌프차)][AVL 입력자(율하펌프(호))]현장도착보고
율하119안전센터,1,1000000959,출동보고,2024-08-01 16:50,4,2024-08-01 16:50,[율하119-율하펌프(호)(펌프차)][AVL 입력자(율하펌프(호))]출동보고
불로119안전센터,1,1000001088,출동보고,2024-08-01 16:51,4,2024-08-01 16:51,[불로119-불로펌프(카)(펌프차)][AVL 입력자(불로펌프(카))]출동보고
불로119안전센터,1,1000001088,현장도착보고,2024-08-01 17:02,5,2024-08-01 17:02,[불로119-불로펌프(카)(펌프차)][AVL 입력자(불로펌프(카))]현장도착보고
금호119안전센터,1,1000001194,현장도착보고,2024-08-01 16:58,5,2024-08-01 16:58,[금호119-금호펌프(펌프차)][AVL 입력자(금호펌프)]현장도착보고
금호119안전센터,1,1000001194,출동보고,2024-08-01 16:54,4,2024-08-01 16:54,[금호119-금호펌프(펌프차)][AVL 입력자(금호펌프)]출동보고
119특수구조대,1,1000000862,출동보고,2024-08-01 16:53,16,2024-08-01 16:53,[119특수구조대-특구대구조버스(특수구조버스)][AVL 입력자(특구대구조버스)]출동보고
119특수구조대,1,1000001089,출동보고,2024-08-01 16:53,24,2024-08-01 16:53,[119특수구조대-드론관제지휘(특수구조대차)][AVL 입력자(드론관제지휘)]출동보고
고산119안전센터,1,1000000828,출동보고,2024-08-01 16:53,15,2024-08-01 16:53,[고산119-고산펌프(호)(펌프차)][AVL 입력자(고산펌프(호))]출동보고
고산119안전센터,1,1000000828,현장도착보고,2024-08-01 16:59,45,2024-08-01 16:59,[고산119-고산펌프(호)(펌프차)][AVL 입력자(고산펌프(호))]현장도착보고
고산119안전센터,1,1000001042,출동보고,2024-08-01 16:52,9,2024-08-01 16:52,[고산119-고산탱크(탱크차)][AVL 입력자(고산탱크)]출동보고
고산119안전센터,1,1000001205,출동보고,2024-08-01 16:54,30,2024-08-01 16:54,[고산119-고산구급(구급차)][AVL 입력자(고산구급)]출동보고
동부구조대,1,1000000580,출동보고,2024-08-01 16:52,6,2024-08-01 16:52,[동부구조대-동부구조공작(구조대차)][AVL 입력자(동부구조공작)]출동보고
동촌119안전센터,1,1000000878,출동보고,2024-08-01 16:53,21,2024-08-01 16:53,[동촌119-동촌탱크(탱크차)][AVL 입력자(동촌탱크)]출동보고
동촌119안전센터,1,1000001037,출동보고,2024-08-01 16:53,26,2024-08-01 16:53,[동촌119-동촌펌프(호)(펌프차)][AVL 입력자(동촌펌프(호))]출동보고
만촌119안전센터,1,1000000818,현장도착보고,2024-08-01 16:59,47,2024-08-01 16:59,[만촌119-만촌펌프(펌프차)][AVL 입력자(만촌펌프)]현장도착보고
만촌119안전센터,1,1000000818,출동보고,2024-08-01 16:57,38,2024-08-01 16:57,[만촌119-만촌펌프(펌프차)][AVL 입력자(만촌펌프)]출동보고
만촌119안전센터,1,1000000945,출동보고,2024-08-01 16:53,22,2024-08-01 16:53,[만촌119-만촌탱크(탱크차)][AVL 입력자(만촌탱크)]출동보고
무열로119안전센터,1,1000000830,출동보고,2024-08-01 16:53,18,2024-08-01 16:53,[무열로119-무열로펌프(펌프차)][AVL 입력자(무열로펌프)]출동보고
무열로119안전센터,1,1000000946,출동보고,2024-08-01 16:54,28,2024-08-01 16:54,[무열로119-무열로탱크(탱크차)][AVL 입력자(무열로탱크)]출동보고
신천119안전센터,1,1000000566,출동보고,2024-08-01 16:52,8,2024-08-01 16:52,[신천119-신천굴절(굴절차)][AVL 입력자(신천굴절)]출동보고
신천119안전센터,1,1000000687,출동보고,2024-08-01 16:52,10,2024-08-01 16:52,[신천119-신천탱크(탱크차)][AVL 입력자(신천탱크)]출동보고
신천119안전센터,1,1000000826,출동보고,2024-08-01 16:52,5,2024-08-01 16:52,[신천119-신천펌프(펌프차)][AVL 입력자(신천펌프)]출동보고
신천119안전센터,1,1000000905,출동보고,2024-08-01 16:52,7,2024-08-01 16:52,[신천119-신천화학(화학차)][AVL 입력자(신천화학)]출동보고
신천119안전센터,1,1000000907,출동보고,2024-08-01 16:52,11,2024-08-01 16:52,[신천119-신천조연(특수차)][AVL 입력자(신천조연)]출동보고
안심119안전센터,1,1000000762,출동보고,2024-08-01 16:53,25,2024-08-01 16:53,[안심119-안심화학(고성능)(화학차)][AVL 입력자(안심화학(고성능))]출동보고
안심119안전센터,1,1000000762,현장도착보고,2024-08-01 16:56,35,2024-08-01 16:56,[안심119-안심화학(고성능)(화학차)]현장도착보고
안심119안전센터,2,1000000811,출동보고,2024-08-01 17:12,93,2024-08-01 17:12,[안심119-안심펌프(호)(펌프차)][AVL 입력자(안심펌프(호))]출동보고
안심119안전센터,2,1000000811,현장도착보고,2024-08-01 17:13,95,2024-08-01 17:13,[안심119-안심펌프(호)(펌프차)][AVL 입력자(안심펌프(호))]현장도착보고
율하119구조대,1,1000000903,현장도착보고,2024-08-01 17:00,70,2024-08-01 17:00,[율하구조대-율하구조공작(구조대차)][AVL 입력자(율하구조공작)]현장도착보고
율하119구조대,1,1000000903,출동보고,2024-08-01 16:54,29,2024-08-01 16:54,[율하구조대-율하구조공작(구조대차)][AVL 입력자(율하구조공작)]출동보고
율하119안전센터,1,1000000823,출동보고,2024-08-01 16:52,12,2024-08-01 16:52,[율하119-율하탱크(탱크차)][AVL 입력자(율하탱크)]출동보고
율하119안전센터,1,1000000823,현장도착보고,2024-08-01 16:57,41,2024-08-01 16:57,[율하119-율하탱크(탱크차)]현장도착보고
율하119안전센터,1,1000000857,현장도착보고,2024-08-01 16:57,40,2024-08-01 16:57,[율하119-율하구급(구급차)]현장도착보고
율하119안전센터,1,1000000857,출동보고,2024-08-01 16:53,23,2024-08-01 16:53,[율하119-율하구급(구급차)][AVL 입력자(율하구급)]출동보고
율하119안전센터,1,1000000869,현장도착보고,2024-08-01 16:57,39,2024-08-01 16:57,[율하119-율하고가(고가차)]현장도착보고
율하119안전센터,1,1000000869,출동보고,2024-08-01 16:53,14,2024-08-01 16:53,[율하119-율하고가(고가차)][AVL 입력자(율하고가)]출동보고
현장지휘단,1,1000000882,현장도착보고,2024-08-01 17:08,83,2024-08-01 17:08,[현장지휘단-동부현장지휘(지휘차)][AVL 입력자(동부현장지휘)]현장도착보고
현장지휘단,1,1000000882,출동보고,2024-08-01 16:53,20,2024-08-01 16:53,[현장지휘단-동부현장지휘(지휘차)][AVL 입력자(동부현장지휘)]출동보고
현장지휘단,1,1000000894,출동보고,2024-08-01 16:54,27,2024-08-01 16:54,[현장지휘단-동부화재조사(화재조사차)][AVL 입력자(동부화재조사)]출동보고
현장지휘단,1,1000000894,현장도착보고,2024-08-01 17:08,84,2024-08-01 17:08,[현장지휘단-동부화재조사(화재조사차)][AVL 입력자(동부화재조사)]현장도착보고
도원119안전센터,2,1000000723,현장도착보고,2024-08-01 17:04,11,2024-08-01 17:04,[도원119-도원펌프(호)(펌프차)][AVL 입력자(도원펌프(호))]현장도착보고
도원119안전센터,2,1000000723,출동보고,2024-08-01 16:56,7,2024-08-01 16:56,[도원119-도원펌프(호)(펌프차)][AVL 입력자(도원펌프(호))]출동보고
봉덕119안전센터,1,1000001158,현장도착보고,2024-08-01 16:59,7,2024-08-01 16:59,[봉덕119-봉덕구급(구급차)][AVL 입력자(봉덕구급)]현장도착보고
봉덕119안전센터,1,1000001158,출동보고,2024-08-01 16:56,4,2024-08-01 16:56,[봉덕119-봉덕구급(구급차)][AVL 입력자(봉덕구급)]출동보고
남구119구조대,2,1000000607,현장도착보고,2024-08-01 17:27,29,2024-08-01 17:27,[남구구조대-남구구조순찰(구조대차)]현장도착보고
남구119구조대,2,1000001092,출동보고,2024-08-01 17:03,9,2024-08-01 17:03,[남구구조대-남구구조(구조대차)][AVL 입력자(남구구조)]출동보고
남구119구조대,2,1000001092,현장도착보고,2024-08-01 17:27,28,2024-08-01 17:27,[남구구조대-남구구조(구조대차)]현장도착보고
대명119지역대,1,1000001072,출동보고,2024-08-01 17:02,8,2024-08-01 17:02,[대명지역대-대명구급(구급차)][AVL 입력자(대명구급)]출동보고
대명119지역대,1,1000001072,현장도착보고,2024-08-01 17:11,11,2024-08-01 17:11,[대명지역대-대명구급(구급차)][AVL 입력자(대명구급)]현장도착보고
대명119지역대,3,1000001209,출동보고,2024-08-01 17:19,20,2024-08-01 17:19,[대명지역대-대명펌프(카)(펌프차)][AVL 입력자(대명펌프(카))]출동보고
대명119지역대,3,1000001209,현장도착보고,2024-08-01 17:25,26,2024-08-01 17:25,[대명지역대-대명펌프(카)(펌프차)][AVL 입력자(대명펌프(카))]현장도착보고
태전119안전센터,1,1000001170,현장도착보고,2024-08-01 17:16,5,2024-08-01 17:16,[태전119-태전펌프(카)(펌프차)][AVL 입력자(태전펌프(카))]현장도착보고
태전119안전센터,1,1000001170,출동보고,2024-08-01 17:08,4,2024-08-01 17:08,[태전119-태전펌프(카)(펌프차)][AVL 입력자(태전펌프(카))]출동보고
옥포119안전센터,1,1000000901,현장도착보고,2024-08-01 17:14,5,2024-08-01 17:14,"[옥포119-옥포펌프(호,구조대)(펌프차)][AVL 입력자(옥포펌프(호,구조대))]현장도착보고"
옥포119안전센터,1,1000000901,출동보고,2024-08-01 17:08,4,2024-08-01 17:08,"[옥포119-옥포펌프(호,구조대)(펌프차)][AVL 입력자(옥포펌프(호,구조대))]출동보고"
매곡119안전센터,1,1000001161,현장도착보고,2024-08-01 17:17,5,2024-08-01 17:17,[매곡119-매곡구급(구급차)][AVL 입력자(매곡구급)]현장도착보고
매곡119안전센터,1,1000001161,출동보고,2024-08-01 17:08,3,2024-08-01 17:08,[매곡119-매곡구급(구급차)][AVL 입력자(매곡구급)]출동보고
대현119안전센터,1,1000000825,출동보고,2024-08-01 17:25,3,2024-08-01 17:25,[대현119-대현펌프(펌프차)][AVL 입력자(대현펌프)]출동보고
대현119안전센터,1,1000000825,현장도착보고,2024-08-01 17:25,4,2024-08-01 17:25,[대현119-대현펌프(펌프차)][AVL 입력자(대현펌프)]현장도착보고
황금119안전센터,1,1000000829,출동보고,2024-08-01 17:09,3,2024-08-01 17:09,[황금119-황금펌프(펌프차)][AVL 입력자(황금펌프)]출동보고
황금119안전센터,1,1000000829,현장도착보고,2024-08-01 17:21,5,2024-08-01 17:21,[황금119-황금펌프(펌프차)][AVL 입력자(황금펌프)]현장도착보고
산격119안전센터,1,1000001148,현장도착보고,2024-08-01 17:21,5,2024-08-01 17:21,[산격119-산격구급(구급차)][AVL 입력자(산격구급)]현장도착보고
산격119안전센터,1,1000001148,출동보고,2024-08-01 17:18,4,2024-08-01 17:18,[산격119-산격구급(구급차)][AVL 입력자(산격구급)]출동보고
황금119안전센터,3,1000000829,현장도착보고,2024-08-01 17:43,12,2024-08-01 17:43,[황금119-황금펌프(펌프차)][AVL 입력자(황금펌프)]현장도착보고
황금119안전센터,3,1000000829,출동보고,2024-08-01 17:43,11,2024-08-01 17:43,[황금119-황금펌프(펌프차)][AVL 입력자(황금펌프)]출동보고
동촌119안전센터,1,1000001079,현장도착보고,2024-08-01 17:31,6,2024-08-01 17:31,[동촌119-동촌구급(구급차)][AVL 입력자(동촌구급)]현장도착보고
동촌119안전센터,1,1000001079,출동보고,2024-08-01 17:20,4,2024-08-01 17:20,[동촌119-동촌구급(구급차)][AVL 입력자(동촌구급)]출동보고
대현119안전센터,1,1000001206,현장도착보고,2024-08-01 17:27,27,2024-08-01 17:27,[대현119-대현구급(구급차)][AVL 입력자(대현구급)]현장도착보고
대현119안전센터,1,1000001206,출동보고,2024-08-01 17:21,12,2024-08-01 17:21,[대현119-대현구급(구급차)][AVL 입력자(대현구급)]출동보고
동부구조대,1,1000000580,출동보고,2024-08-01 17:20,3,2024-08-01 17:20,[동부구조대-동부구조공작(구조대차)][AVL 입력자(동부구조공작)]출동보고
동부구조대,1,1000000580,현장도착보고,2024-08-01 17:27,25,2024-08-01 17:27,[동부구조대-동부구조공작(구조대차)][AVL 입력자(동부구조공작)]현장도착보고
수성119안전센터,1,1000000917,현장도착보고,2024-08-01 17:24,17,2024-08-01 17:24,[수성119-수성펌프(카)(펌프차)][AVL 입력자(수성펌프(카))]현장도착보고
수성119안전센터,1,1000000917,출동보고,2024-08-01 17:20,7,2024-08-01 17:20,[수성119-수성펌프(카)(펌프차)][AVL 입력자(수성펌프(카))]출동보고
신천119안전센터,1,1000000687,출동보고,2024-08-01 17:20,6,2024-08-01 17:20,[신천119-신천탱크(탱크차)][AVL 입력자(신천탱크)]출동보고
신천119안전센터,1,1000000687,현장도착보고,2024-08-01 17:27,26,2024-08-01 17:27,[신천119-신천탱크(탱크차)][AVL 입력자(신천탱크)]현장도착보고
신천119안전센터,1,1000000826,현장도착보고,2024-08-01 17:27,24,2024-08-01 17:27,[신천119-신천펌프(펌프차)][AVL 입력자(신천펌프)]현장도착보고
신천119안전센터,1,1000000826,출동보고,2024-08-01 17:20,5,2024-08-01 17:20,[신천119-신천펌프(펌프차)][AVL 입력자(신천펌프)]출동보고
현장지휘단,1,1000000847,현장도착보고,2024-08-01 17:34,29,2024-08-01 17:28,[현장지휘단-수성화재조사(화재조사차)]현장도착보고
현장지휘단,1,1000000847,출동보고,2024-08-01 17:21,11,2024-08-01 17:21,[현장지휘단-수성화재조사(화재조사차)][AVL 입력자(수성화재조사)]출동보고
현장지휘단,1,1000001177,출동보고,2024-08-01 17:21,10,2024-08-01 17:21,[현장지휘단-수성현장지휘(지휘차)][AVL 입력자(수성현장지휘)]출동보고
현장지휘단,1,1000001177,현장도착보고,2024-08-01 17:34,28,2024-08-01 17:28,[현장지휘단-수성현장지휘(지휘차)]현장도착보고
상동119안전센터,1,1000000965,출동보고,2024-08-01 17:24,4,2024-08-01 17:24,[상동119-상동구급(수성예비)(구급차)][AVL 입력자(상동구급(수성예비))]출동보고
상동119안전센터,1,1000000965,현장도착보고,2024-08-01 17:30,5,2024-08-01 17:30,[상동119-상동구급(수성예비)(구급차)][AVL 입력자(상동구급(수성예비))]현장도착보고
복현119지역대,1,1000001077,현장도착보고,2024-08-01 17:33,7,2024-08-01 17:33,[복현지역대-복현구급(구급차)][AVL 입력자(복현구급)]현장도착보고
복현119지역대,1,1000001077,출동보고,2024-08-01 17:24,4,2024-08-01 17:24,[복현지역대-복현구급(구급차)][AVL 입력자(복현구급)]출동보고
구암119안전센터,1,1000001169,출동보고,2024-08-01 17:24,3,2024-08-01 17:24,[구암119안전센터-구암펌프1차(카)(펌프차)][AVL 입력자(구암펌프1차(카))]출동보고
구암119안전센터,1,1000001169,현장도착보고,2024-08-01 17:31,4,2024-08-01 17:31,[구암119안전센터-구암펌프1차(카)(펌프차)][AVL 입력자(구암펌프1차(카))]현장도착보고
금호119안전센터,1,1000000967,현장도착보고,2024-08-01 17:28,21,2024-08-01 17:28,[금호119-금호구급(구급차)][AVL 입력자(금호구급)]현장도착보고
금호119안전센터,1,1000000967,출동보고,2024-08-01 17:25,12,2024-08-01 17:25,[금호119-금호구급(구급차)][AVL 입력자(금호구급)]출동보고
금호119안전센터,1,1000000970,현장도착보고,2024-08-01 17:36,39,2024-08-01 17:36,[금호119-금호탱크(탱크차)]현장도착보고
금호119안전센터,1,1000001194,출동보고,2024-08-01 17:25,11,2024-08-01 17:25,[금호119-금호펌프(펌프차)][AVL 입력자(금호펌프)]출동보고
금호119안전센터,1,1000001194,현장도착보고,2024-08-01 17:28,20,2024-08-01 17:28,[금호119-금호펌프(펌프차)][AVL 입력자(금호펌프)]현장도착보고
서부구조대,1,1000001007,현장도착보고,2024-08-01 17:29,27,2024-08-01 17:29,[서부구조대-서부구조공작(구조대차)]현장도착보고
서부구조대,1,1000001007,출동보고,2024-08-01 17:25,10,2024-08-01 17:25,[서부구조대-서부구조공작(구조대차)][AVL 입력자(서부구조공작)]출동보고
이현119안전센터,1,1000000958,출동보고,2024-08-01 17:25,9,2024-08-01 17:25,[이현119-이현펌프(1차)(호)(펌프차)][AVL 입력자(이현펌프(1차)(호))]출동보고
이현119안전센터,1,1000000958,현장도착보고,2024-08-01 17:32,32,2024-08-01 17:32,[이현119-이현펌프(1차)(호)(펌프차)][AVL 입력자(이현펌프(1차)(호))]현장도착보고
중부구조대,1,1000001006,출동보고,2024-08-01 17:24,6,2024-08-01 17:24,[중부구조대-중부구조공작(구조대차)][AVL 입력자(중부구조공작)]출동보고
평리119안전센터,2,1000000957,출동보고,2024-08-01 17:26,15,2024-08-01 17:26,[평리119-평리펌프(호)(펌프차)][AVL 입력자(평리펌프(호))]출동보고
평리119안전센터,2,1000000957,현장도착보고,2024-08-01 17:30,29,2024-08-01 17:30,[평리119-평리펌프(호)(펌프차)][AVL 입력자(평리펌프(호))]현장도착보고
현장지휘단,1,1000000921,출동보고,2024-08-01 17:24,5,2024-08-01 17:24,[현장지휘단-서부화재조사(화재조사차)][AVL 입력자(서부화재조사)]출동보고
현장지휘단,1,1000000921,현장도착보고,2024-08-01 17:28,19,2024-08-01 17:28,[현장지휘단-서부화재조사(화재조사차)][AVL 입력자(서부화재조사)]현장도착보고
현장지휘단,1,1000001236,출동보고,2024-08-01 17:24,4,2024-08-01 17:24,[현장지휘단-서부현장지휘(지휘차)][AVL 입력자(서부현장지휘)]출동보고
현장지휘단,1,1000001236,현장도착보고,2024-08-01 17:36,37,2024-08-01 17:36,[현장지휘단-서부현장지휘(지휘차)]현장도착보고
성서119안전센터,1,1000001036,출동보고,2024-08-01 17:25,3,2024-08-01 17:25,[성서119-성서펌프1차(호)(펌프차)][AVL 입력자(성서펌프1차(호))]출동보고
성서119안전센터,1,1000001036,현장도착보고,2024-08-01 17:45,5,2024-08-01 17:45,[성서119-성서펌프1차(호)(펌프차)][AVL 입력자(성서펌프1차(호))]현장도착보고
읍내119안전센터,1,1000001207,현장도착보고,2024-08-01 17:33,6,2024-08-01 17:33,[읍내119-읍내구급(구급차)][AVL 입력자(읍내구급)]현장도착보고
읍내119안전센터,1,1000001207,출동보고,2024-08-01 17:31,5,2024-08-01 17:31,[읍내119-읍내구급(구급차)][AVL 입력자(읍내구급)]출동보고
도원119안전센터,1,1000000723,출동보고,2024-08-01 17:33,3,2024-08-01 17:33,[도원119-도원펌프(호)(펌프차)][AVL 입력자(도원펌프(호))]출동보고
도원119안전센터,1,1000000723,현장도착보고,2024-08-01 17:56,4,2024-08-01 17:56,[도원119-도원펌프(호)(펌프차)][AVL 입력자(도원펌프(호))]현장도착보고
북부구급대,1,1000001076,출동보고,2024-08-01 17:34,4,2024-08-01 17:34,[북부구급대-북부특별1차(구급차)][AVL 입력자(북부특별1차)]출동보고
북부구급대,1,1000001076,현장도착보고,2024-08-01 17:40,5,2024-08-01 17:40,[북부구급대-북부특별1차(구급차)][AVL 입력자(북부특별1차)]현장도착보고
화원119안전센터,1,1000000813,출동보고,2024-08-01 17:32,3,2024-08-01 17:32,[화원119-화원펌프(펌프차)][AVL 입력자(화원펌프)]출동보고
화원119안전센터,1,1000000813,현장도착보고,2024-08-01 17:40,4,2024-08-01 17:40,[화원119-화원펌프(펌프차)][AVL 입력자(화원펌프)]현장도착보고
수성119안전센터,2,1000000917,현장도착보고,2024-08-01 17:59,16,2024-08-01 17:59,[수성119-수성펌프(카)(펌프차)][AVL 입력자(수성펌프(카))]현장도착보고
수성119안전센터,2,1000000917,출동보고,2024-08-01 17:42,11,2024-08-01 17:42,[수성119-수성펌프(카)(펌프차)][AVL 입력자(수성펌프(카))]출동보고
황금119안전센터,1,1000000829,출동보고,2024-08-01 17:34,3,2024-08-01 17:34,[황금119-황금펌프(펌프차)][AVL 입력자(황금펌프)]출동보고
무태119안전센터,1,1000000993,현장도착보고,2024-08-01 17:42,5,2024-08-01 17:42,[무태119-무태구급(구급차)][AVL 입력자(무태구급)]현장도착보고
무태119안전센터,1,1000000993,출동보고,2024-08-01 17:34,3,2024-08-01 17:34,[무태119-무태구급(구급차)][AVL 입력자(무태구급)]출동보고
의흥119안전센터,1,1000001254,현장도착보고,2024-08-01 17:43,5,2024-08-01 17:43,[의흥119-의흥구급(구급차)][AVL 입력자(의흥구급)]현장도착보고
의흥119안전센터,1,1000001254,출동보고,2024-08-01 17:39,3,2024-08-01 17:39,[의흥119-의흥구급(구급차)][AVL 입력자(의흥구급)]출동보고
수성구급대,1,1000001163,출동보고,2024-08-01 17:43,6,2024-08-01 17:43,[수성구급대-수성본대1차(구급차)][AVL 입력자(수성본대1차)]출동보고
수성구급대,1,1000001163,현장도착보고,2024-08-01 17:46,7,2024-08-01 17:46,[수성구급대-수성본대1차(구급차)][AVL 입력자(수성본대1차)]현장도착보고
성서119안전센터,1,1000001162,현장도착보고,2024-08-01 17:49,4,2024-08-01 17:49,[성서119-성서구급(구급차)][AVL 입력자(성서구급)]현장도착보고
성서119안전센터,1,1000001162,출동보고,2024-08-01 17:47,3,2024-08-01 17:47,[성서119-성서구급(구급차)][AVL 입력자(성서구급)]출동보고
봉덕119안전센터,1,1000000956,출동보고,2024-08-01 17:50,5,2024-08-01 17:50,[봉덕119-봉덕펌프(호)(펌프차)][AVL 입력자(봉덕펌프(호))]출동보고
봉덕119안전센터,1,1000000956,현장도착보고,2024-08-01 18:23,7,2024-08-01 18:23,[봉덕119-봉덕펌프(호)(펌프차)][AVL 입력자(봉덕펌프(호))]현장도착보고
송현119안전센터,1,1000000141,출동보고,2024-08-01 17:50,5,2024-08-01 17:50,[송현119-송현펌프(호)(펌프차)][AVL 입력자(송현펌프(호))]출동보고
송현119안전센터,1,1000000141,현장도착보고,2024-08-01 17:56,6,2024-08-01 17:56,[송현119-송현펌프(호)(펌프차)][AVL 입력자(송현펌프(호))]현장도착보고
율하119구조대,2,1000000903,출동보고,2024-08-01 17:53,7,2024-08-01 17:53,[율하구조대-율하구조공작(구조대차)][AVL 입력자(율하구조공작)]출동보고
율하119구조대,2,1000000903,현장도착보고,2024-08-01 18:21,10,2024-08-01 18:21,[율하구조대-율하구조공작(구조대차)][AVL 입력자(율하구조공작)]현장도착보고
동부구급대,1,1000001165,출동보고,2024-08-01 17:52,7,2024-08-01 17:52,[동부구급대-동부본대1차(구급차)][AVL 입력자(동부본대1차)]출동보고
동부구급대,1,1000001165,현장도착보고,2024-08-01 17:57,8,2024-08-01 17:57,[동부구급대-동부본대1차(구급차)][AVL 입력자(동부본대1차)]현장도착보고
읍내119안전센터,1,1000001030,현장도착보고,2024-08-01 18:01,8,2024-08-01 18:01,[읍내119-읍내펌프(호)(펌프차)][AVL 입력자(읍내펌프(호))]현장도착보고
읍내119안전센터,1,1000001030,출동보고,2024-08-01 17:53,6,2024-08-01 17:53,[읍내119-읍내펌프(호)(펌프차)][AVL 입력자(읍내펌프(호))]출동보고
대현119안전센터,1,1000001206,출동보고,2024-08-01 17:56,4,2024-08-01 17:56,[대현119-대현구급(구급차)][AVL 입력자(대현구급)]출동보고
대현119안전센터,1,1000001206,현장도착보고,2024-08-01 17:56,5,2024-08-01 17:56,[대현119-대현구급(구급차)][AVL 입력자(대현구급)]현장도착보고
119특수구조대,1,1000000597,현장도착보고,2024-08-01 18:03,121,2024-08-01 18:03,[119특수구조대-특구대순찰(구조대장)(순찰차)]현장도착보고
119특수구조대,1,1000000862,현장도착보고,2024-08-01 18:01,107,2024-08-01 18:01,[119특수구조대-특구대구조버스(특수구조버스)][AVL 입력자(특구대구조버스)]현장도착보고
119특수구조대,1,1000001089,현장도착보고,2024-08-01 18:03,122,2024-08-01 18:03,[119특수구조대-드론관제지휘(특수구조대차)]현장도착보고
119특수구조대,1,1000001245,현장도착보고,2024-08-01 18:03,120,2024-08-01 18:03,[119특수구조대-특구대구조공작(구조대차)]현장도착보고
남산119안전센터,1,1000000769,출동보고,2024-08-01 17:52,22,2024-08-01 17:52,[남산119-남산화학(화학차)][AVL 입력자(남산화학)]출동보고
남산119안전센터,1,1000000769,현장도착보고,2024-08-01 17:56,73,2024-08-01 17:56,[남산119-남산화학(화학차)][AVL 입력자(남산화학)]현장도착보고
남산119안전센터,1,1000000780,현장도착보고,2024-08-01 17:58,83,2024-08-01 17:58,[남산119-남산고가(53m)(고가차)]현장도착보고
남산119안전센터,1,1000000780,출동보고,2024-08-01 17:54,42,2024-08-01 17:54,[남산119-남산고가(53m)(고가차)][AVL 입력자(남산고가(53m))]출동보고
남산119안전센터,1,1000000824,현장도착보고,2024-08-01 17:57,80,2024-08-01 17:57,[남산119-남산탱크(2120)(탱크차)][AVL 입력자(남산탱크(2120))]현장도착보고
남산119안전센터,1,1000000824,출동보고,2024-08-01 17:53,28,2024-08-01 17:53,[남산119-남산탱크(2120)(탱크차)][AVL 입력자(남산탱크(2120))]출동보고
남산119안전센터,1,1000000906,현장도착보고,2024-08-01 17:58,84,2024-08-01 17:58,[남산119-남산조연(2170)(특수차)]현장도착보고
남산119안전센터,1,1000001050,출동보고,2024-08-01 17:55,54,2024-08-01 17:55,[남산119-남산펌프(카)(펌프차)][AVL 입력자(남산펌프(카))]출동보고
남산119안전센터,1,1000001050,현장도착보고,2024-08-01 17:58,85,2024-08-01 17:58,[남산119-남산펌프(카)(펌프차)]현장도착보고
남산119안전센터,1,1000001086,출동보고,2024-08-01 17:52,9,2024-08-01 17:52,[남산119-남산굴절(28m)(굴절차)][AVL 입력자(남산굴절(28m))]출동보고
남산119안전센터,1,1000001086,현장도착보고,2024-08-01 17:56,67,2024-08-01 17:56,[남산119-남산굴절(28m)(굴절차)][AVL 입력자(남산굴절(28m))]현장도착보고
내당119안전센터,3,1000000817,현장도착보고,2024-08-01 18:03,118,2024-08-01 18:03,[내당119-내당펌프(펌프차)]현장도착보고
내당119안전센터,3,1000000817,출동보고,2024-08-01 17:53,37,2024-08-01 17:53,[내당119-내당펌프(펌프차)][AVL 입력자(내당펌프)]출동보고
내당119안전센터,3,1000000821,출동보고,2024-08-01 17:56,62,2024-08-01 17:56,[내당119-내당탱크(탱크차)][AVL 입력자(내당탱크)]출동보고
내당119안전센터,3,1000000821,현장도착보고,2024-08-01 18:03,113,2024-08-01 18:03,[내당119-내당탱크(탱크차)][AVL 입력자(내당탱크)]현장도착보고
대신119안전센터,1,1000000887,현장도착보고,2024-08-01 17:53,36,2024-08-01 17:53,[대신119-대신탱크(탱크차)][AVL 입력자(대신탱크)]현장도착보고
대신119안전센터,1,1000000887,출동보고,2024-08-01 17:52,6,2024-08-01 17:52,[대신119-대신탱크(탱크차)][AVL 입력자(대신탱크)]출동보고
대신119안전센터,1,1000000895,현장도착보고,2024-08-01 17:54,46,2024-08-01 17:54,[대신119-대신경량펌프(카)(펌프차)]현장도착보고
대신119안전센터,1,1000000895,출동보고,2024-08-01 17:52,8,2024-08-01 17:52,[대신119-대신경량펌프(카)(펌프차)][AVL 입력자(대신경량펌프(카))]출동보고
대신119안전센터,1,1000000915,출동보고,2024-08-01 17:52,21,2024-08-01 17:52,[대신119-대신펌프(카)(펌프차)][AVL 입력자(대신펌프(카))]출동보고
대신119안전센터,1,1000000915,현장도착보고,2024-08-01 17:54,43,2024-08-01 17:54,[대신119-대신펌프(카)(펌프차)][AVL 입력자(대신펌프(카))]현장도착보고
명덕119안전센터,1,1000000951,출동보고,2024-08-01 17:52,11,2024-08-01 17:52,[명덕119-명덕탱크(탱크차)][AVL 입력자(명덕탱크)]출동보고
명덕119안전센터,1,1000000951,현장도착보고,2024-08-01 17:59,95,2024-08-01 17:59,[명덕119-명덕탱크(탱크차)]현장도착보고
명덕119안전센터,1,1000001087,출동보고,2024-08-01 17:52,20,2024-08-01 17:52,[명덕119-명덕펌프(카)(펌프차)][AVL 입력자(명덕펌프(카))]출동보고
명덕119안전센터,1,1000001087,현장도착보고,2024-08-01 17:57,78,2024-08-01 17:57,[명덕119-명덕펌프(카)(펌프차)][AVL 입력자(명덕펌프(카))]현장도착보고
봉덕119안전센터,2,1000000888,출동보고,2024-08-01 17:53,33,2024-08-01 17:53,[봉덕119-봉덕탱크(탱크차)][AVL 입력자(봉덕탱크)]출동보고
봉덕119안전센터,2,1000000888,현장도착보고,2024-08-01 18:02,109,2024-08-01 18:02,[봉덕119-봉덕탱크(탱크차)][AVL 입력자(봉덕탱크)]현장도착보고
북부구조대,1,1000000775,출동보고,2024-08-01 17:52,16,2024-08-01 17:52,[북부구조대-북부구조공작(구조대차)][AVL 입력자(북부구조공작)]출동보고
북부구조대,1,1000000775,현장도착보고,2024-08-01 17:59,96,2024-08-01 17:59,[북부구조대-북부구조공작(구조대차)][AVL 입력자(북부구조공작)]현장도착보고
북부구조대,3,1000001019,현장도착보고,2024-08-01 18:03,119,2024-08-01 18:03,[북부구조대-북부구조버스(구조대차)]현장도착보고
비산119안전센터,1,1000000866,출동보고,2024-08-01 17:52,5,2024-08-01 17:52,[비산119-비산탱크(탱크차)][AVL 입력자(비산탱크)]출동보고
비산119안전센터,1,1000000866,현장도착보고,2024-08-01 17:59,97,2024-08-01 17:59,[비산119-비산탱크(탱크차)][AVL 입력자(비산탱크)]현장도착보고
비산119안전센터,1,1000001049,현장도착보고,2024-08-01 17:58,89,2024-08-01 17:58,[비산119-비산펌프(카)(펌프차)][AVL 입력자(비산펌프(카))]현장도착보고
비산119안전센터,3,1000001151,출동보고,2024-08-01 17:54,45,2024-08-01 17:54,[비산119-비산구급(구급차)][AVL 입력자(비산구급)]출동보고
비산119안전센터,3,1000001151,현장도착보고,2024-08-01 18:00,102,2024-08-01 18:00,[비산119-비산구급(구급차)][AVL 입력자(비산구급)]현장도착보고
삼덕119안전센터,2,1000000833,출동보고,2024-08-01 17:54,41,2024-08-01 17:54,[삼덕119-삼덕펌프(펌프차)][AVL 입력자(삼덕펌프)]출동보고
삼덕119안전센터,2,1000000833,현장도착보고,2024-08-01 17:59,100,2024-08-01 17:59,[삼덕119-삼덕펌프(펌프차)][AVL 입력자(삼덕펌프)]현장도착보고
삼덕119안전센터,2,1000000886,출동보고,2024-08-01 17:54,39,2024-08-01 17:54,[삼덕119-삼덕탱크(탱크차)][AVL 입력자(삼덕탱크)]출동보고
삼덕119안전센터,2,1000000886,현장도착보고,2024-08-01 18:03,116,2024-08-01 18:03,[삼덕119-삼덕탱크(탱크차)]현장도착보고
삼덕119안전센터,2,1000001075,현장도착보고,2024-08-01 18:05,99,2024-08-01 17:59,[삼덕119-삼덕구급(구급차)][AVL 입력자(삼덕구급)]현장도착보고
삼덕119안전센터,2,1000001075,출동보고,2024-08-01 17:54,44,2024-08-01 17:54,[삼덕119-삼덕구급(구급차)][AVL 입력자(삼덕구급)]출동보고
서문로119안전센터,1,1000000715,출동보고,2024-08-01 17:52,19,2024-08-01 17:52,[서문로119-서문로굴절(굴절차)][AVL 입력자(서문로굴절)]출동보고
서문로119안전센터,1,1000000715,현장도착보고,2024-08-01 17:57,76,2024-08-01 17:57,[서문로119-서문로굴절(굴절차)][AVL 입력자(서문로굴절)]현장도착보고
서문로119안전센터,1,1000000832,출동보고,2024-08-01 17:52,25,2024-08-01 17:52,[서문로119-서문로펌프(펌프차)][AVL 입력자(서문로펌프)]출동보고
서문로119안전센터,1,1000000832,현장도착보고,2024-08-01 17:55,59,2024-08-01 17:55,[서문로119-서문로펌프(펌프차)][AVL 입력자(서문로펌프)]현장도착보고
서문로119안전센터,1,1000001074,현장도착보고,2024-08-01 17:57,81,2024-08-01 17:57,[서문로119-서문로구급(구급차)][AVL 입력자(서문로구급)]현장도착보고
서문로119안전센터,2,1000001052,현장도착보고,2024-08-01 17:55,53,2024-08-01 17:55,[서문로119-서문로소형사다리18m(고가차)][AVL 입력자(서문로소형사다리18m)]현장도착보고
서부구조대,3,1000001007,현장도착보고,2024-08-01 18:02,111,2024-08-01 18:02,[서부구조대-서부구조공작(구조대차)][AVL 입력자(서부구조공작)]현장도착보고
서부구조대,3,1000001007,출동보고,2024-08-01 17:54,38,2024-08-01 17:54,[서부구조대-서부구조공작(구조대차)][AVL 입력자(서부구조공작)]출동보고
서부구조대,3,1000001071,현장도착보고,2024-08-01 18:03,124,2024-08-01 18:03,[서부구조대-서부구조버스(구조대차)]현장도착보고
중부구급대,1,1000001073,출동보고,2024-08-01 17:52,17,2024-08-01 17:52,[중부구급대-중부본대1차(구급차)][AVL 입력자(중부본대1차)]출동보고
중부구급대,1,1000001073,현장도착보고,2024-08-01 18:03,123,2024-08-01 18:03,[중부구급대-중부본대1차(구급차)]현장도착보고
중부구급대,2,1000001157,출동보고,2024-08-01 17:55,51,2024-08-01 17:55,[중부구급대-중부특별(본대2차)(구급차)][AVL 입력자(중부특별(본대2차))]출동보고
중부구급대,2,1000001157,현장도착보고,2024-08-01 17:58,92,2024-08-01 17:58,[중부구급대-중부특별(본대2차)(구급차)][AVL 입력자(중부특별(본대2차))]현장도착보고
중부구조대,1,1000001006,출동보고,2024-08-01 17:52,18,2024-08-01 17:52,[중부구조대-중부구조공작(구조대차)][AVL 입력자(중부구조공작)]출동보고
중부구조대,1,1000001006,현장도착보고,2024-08-01 17:56,68,2024-08-01 17:56,[중부구조대-중부구조공작(구조대차)][AVL 입력자(중부구조공작)]현장도착보고
중부구조대,2,1000001212,현장도착보고,2024-08-01 18:03,117,2024-08-01 18:03,[중부구조대-중부구조버스(구조대차)]현장도착보고
현장지휘단,1,1000001176,출동보고,2024-08-01 17:52,14,2024-08-01 17:52,[현장지휘단-중부현장지휘(2012)(지휘차)][AVL 입력자(중부현장지휘(2012))]출동보고
현장지휘단,1,1000001176,현장도착보고,2024-08-01 17:56,64,2024-08-01 17:56,[현장지휘단-중부현장지휘(2012)(지휘차)][AVL 입력자(중부현장지휘(2012))]현장도착보고
현장지휘단,1,1000001201,출동보고,2024-08-01 17:52,24,2024-08-01 17:52,[현장지휘단-중부화재조사(2013)(화재조사차)][AVL 입력자(중부화재조사(2013))]출동보고
현장지휘단,1,1000001201,현장도착보고,2024-08-01 17:55,57,2024-08-01 17:55,[현장지휘단-중부화재조사(2013)(화재조사차)][AVL 입력자(중부화재조사(2013))]현장도착보고
공산119안전센터,1,1000000827,출동보고,2024-08-01 17:57,4,2024-08-01 17:57,"[공산119-공산펌프(호,구조대)(펌프차)][AVL 입력자(공산펌프(호,구조대))]출동보고"
공산119안전센터,2,1000000592,출동보고,2024-08-01 17:58,7,2024-08-01 17:58,[공산119-공산순찰(순찰차)][AVL 입력자(공산순찰)]출동보고
공산119안전센터,2,1000000592,현장도착보고,2024-08-01 18:22,9,2024-08-01 18:22,[공산119-공산순찰(순찰차)][AVL 입력자(공산순찰)]현장도착보고
황금119안전센터,1,1000001164,현장도착보고,2024-08-01 18:08,5,2024-08-01 18:02,[황금119-황금구급(구급차)][AVL 입력자(황금구급)]현장도착보고
황금119안전센터,1,1000001164,출동보고,2024-08-01 17:55,3,2024-08-01 17:55,[황금119-황금구급(구급차)][AVL 입력자(황금구급)]출동보고
달서구조대,1,1000001048,출동보고,2024-08-01 17:56,7,2024-08-01 17:56,[달서구조대-달서구조공작(구조대차)][AVL 입력자(달서구조공작)]출동보고
죽전119안전센터,1,1000000837,출동보고,2024-08-01 17:56,6,2024-08-01 17:56,[죽전119-죽전펌프(펌프차)][AVL 입력자(죽전펌프)]출동보고
죽전119안전센터,1,1000000837,현장도착보고,2024-08-01 18:01,9,2024-08-01 18:01,[죽전119-죽전펌프(펌프차)][AVL 입력자(죽전펌프)]현장도착보고
죽전119안전센터,1,1000001027,현장도착보고,2024-08-01 18:02,10,2024-08-01 18:02,[죽전119-죽전구급(구급차)][AVL 입력자(죽전구급)]현장도착보고
죽전119안전센터,1,1000001027,출동보고,2024-08-01 17:56,5,2024-08-01 17:56,[죽전119-죽전구급(구급차)][AVL 입력자(죽전구급)]출동보고
동부구급대,3,1000000999,출동보고,2024-08-01 19:04,10,2024-08-01 19:04,[동부구급대-동부특별구급(2차)(구급차)][AVL 입력자(동부특별구급(2차))]출동보고
북부구급대,2,1000001147,출동보고,2024-08-01 18:43,7,2024-08-01 18:43,[북부구급대-북부본대2차(구급차)][AVL 입력자(북부본대2차)]출동보고
이현119안전센터,1,1000001150,출동보고,2024-08-01 18:01,4,2024-08-01 18:01,[이현119-이현구급(구급차)][AVL 입력자(이현구급)]출동보고
이현119안전센터,1,1000001150,현장도착보고,2024-08-01 18:04,5,2024-08-01 18:04,[이현119-이현구급(구급차)][AVL 입력자(이현구급)]현장도착보고
죽전119안전센터,2,1000000837,현장도착보고,2024-08-01 18:16,9,2024-08-01 18:16,[죽전119-죽전펌프(펌프차)][AVL 입력자(죽전펌프)]현장도착보고
명덕119안전센터,1,1000000995,현장도착보고,2024-08-01 18:08,5,2024-08-01 18:08,[명덕119-명덕구급(구급차)][AVL 입력자(명덕구급)]현장도착보고
명덕119안전센터,1,1000000995,출동보고,2024-08-01 18:02,3,2024-08-01 18:02,[명덕119-명덕구급(구급차)][AVL 입력자(명덕구급)]출동보고
수성119안전센터,1,1000001064,출동보고,2024-08-01 18:06,5,2024-08-01 18:06,[수성119-수성센터구급(구급차)][AVL 입력자(수성센터구급)]출동보고
수성119안전센터,1,1000001064,현장도착보고,2024-08-01 18:14,8,2024-08-01 18:14,[수성119-수성센터구급(구급차)][AVL 입력자(수성센터구급)]현장도착보고
송현119안전센터,1,1000001067,출동보고,2024-08-01 18:06,4,2024-08-01 18:06,[송현119-송현구급(구급차)][AVL 입력자(송현구급)]출동보고
송현119안전센터,1,1000001067,현장도착보고,2024-08-01 18:10,6,2024-08-01 18:10,[송현119-송현구급(구급차)][AVL 입력자(송현구급)]현장도착보고
대천119안전센터,1,1000001160,출동보고,2024-08-01 18:05,4,2024-08-01 18:05,[대천119-대천구급(구급차)][AVL 입력자(대천구급)]출동보고
대천119안전센터,1,1000001160,현장도착보고,2024-08-01 18:13,6,2024-08-01 18:13,[대천119-대천구급(구급차)][AVL 입력자(대천구급)]현장도착보고
남구119구조대,1,1000001092,현장도착보고,2024-08-01 18:13,9,2024-08-01 18:13,[남구구조대-남구구조(구조대차)][AVL 입력자(남구구조)]현장도착보고
남구119구조대,1,1000001092,출동보고,2024-08-01 18:09,3,2024-08-01 18:09,[남구구조대-남구구조(구조대차)][AVL 입력자(남구구조)]출동보고
성명119안전센터,1,1000001026,현장도착보고,2024-08-01 18:15,11,2024-08-01 18:15,[성명119-성명구급(구급차)][AVL 입력자(성명구급)]현장도착보고
성명119안전센터,1,1000001026,출동보고,2024-08-01 18:12,8,2024-08-01 18:12,[성명119-성명구급(구급차)][AVL 입력자(성명구급)]출동보고
월성119안전센터,1,1000001032,출동보고,2024-08-01 18:13,3,2024-08-01 18:13,[월성119-월성펌프(호)(펌프차)][AVL 입력자(월성펌프(호))]출동보고
월성119안전센터,1,1000001032,현장도착보고,2024-08-01 18:14,4,2024-08-01 18:14,[월성119-월성펌프(호)(펌프차)][AVL 입력자(월성펌프(호))]현장도착보고
의흥119안전센터,1,1000001187,현장도착보고,2024-08-01 18:41,7,2024-08-01 18:41,"[의흥119-의흥펌프(소형,구조)(펌프차)][AVL 입력자(의흥펌프(소형,구조))]현장도착보고"
의흥119안전센터,1,1000001187,출동보고,2024-08-01 18:15,4,2024-08-01 18:15,"[의흥119-의흥펌프(소형,구조)(펌프차)][AVL 입력자(의흥펌프(소형,구조))]출동보고"
본리119안전센터,1,1000001029,출동보고,2024-08-01 18:19,4,2024-08-01 18:19,[본리119-본리구급(구급차)][AVL 입력자(본리구급)]출동보고
본리119안전센터,1,1000001029,현장도착보고,2024-08-01 18:23,5,2024-08-01 18:23,[본리119-본리구급(구급차)][AVL 입력자(본리구급)]현장도착보고
안심119안전센터,1,1000001210,출동보고,2024-08-01 18:19,5,2024-08-01 18:19,[안심119-안심특별구급(구급차)][AVL 입력자(안심특별구급)]출동보고
안심119안전센터,1,1000001210,현장도착보고,2024-08-01 18:32,7,2024-08-01 18:32,[안심119-안심특별구급(구급차)][AVL 입력자(안심특별구급)]현장도착보고
만촌119안전센터,1,1000001217,현장도착보고,2024-08-01 18:25,8,2024-08-01 18:25,[만촌119-만촌특별구급(구급차)][AVL 입력자(만촌특별구급)]현장도착보고
만촌119안전센터,1,1000001217,출동보고,2024-08-01 18:22,3,2024-08-01 18:22,[만촌119-만촌특별구급(구급차)][AVL 입력자(만촌특별구급)]출동보고
무열로119안전센터,1,1000001025,현장도착보고,2024-08-01 18:26,9,2024-08-01 18:26,[무열로119-무열로구급(구급차)][AVL 입력자(무열로구급)]현장도착보고
무열로119안전센터,1,1000001025,출동보고,2024-08-01 18:22,5,2024-08-01 18:22,[무열로119-무열로구급(구급차)][AVL 입력자(무열로구급)]출동보고
봉덕119안전센터,1,1000001158,현장도착보고,2024-08-01 18:31,4,2024-08-01 18:31,[봉덕119-봉덕구급(구급차)][AVL 입력자(봉덕구급)]현장도착보고
봉덕119안전센터,1,1000001158,출동보고,2024-08-01 18:23,3,2024-08-01 18:23,[봉덕119-봉덕구급(구급차)][AVL 입력자(봉덕구급)]출동보고
부계119지역대,1,1000001195,현장도착보고,2024-08-01 18:45,5,2024-08-01 18:45,[부계지역대-부계구급(구급차)][AVL 입력자(부계구급)]현장도착보고
부계119지역대,1,1000001195,출동보고,2024-08-01 18:27,4,2024-08-01 18:27,[부계지역대-부계구급(구급차)][AVL 입력자(부계구급)]출동보고
도원119안전센터,1,1000001159,출동보고,2024-08-01 18:26,4,2024-08-01 18:26,[도원119-도원구급(구급차)][AVL 입력자(도원구급)]출동보고
도원119안전센터,1,1000001159,현장도착보고,2024-08-01 18:30,5,2024-08-01 18:30,[도원119-도원구급(구급차)][AVL 입력자(도원구급)]현장도착보고
본리119안전센터,1,1000000705,출동보고,2024-08-01 18:26,3,2024-08-01 18:26,[본리119-본리펌프1차(펌프차)][AVL 입력자(본리펌프1차)]출동보고
본리119안전센터,1,1000000705,현장도착보고,2024-08-01 18:35,4,2024-08-01 18:35,[본리119-본리펌프1차(펌프차)][AVL 입력자(본리펌프1차)]현장도착보고
달서구급대,3,1000000996,현장도착보고,2024-08-01 19:34,41,2024-08-01 19:34,[달서구급대-달서특별구급(구급차)][AVL 입력자(달서특별구급)]현장도착보고
달서구급대,3,1000000996,출동보고,2024-08-01 19:22,38,2024-08-01 19:22,[달서구급대-달서특별구급(구급차)][AVL 입력자(달서특별구급)]출동보고
달서구조대,1,1000001048,출동보고,2024-08-01 18:28,7,2024-08-01 18:28,[달서구조대-달서구조공작(구조대차)][AVL 입력자(달서구조공작)]출동보고
달성구조대,2,1000000778,출동보고,2024-08-01 18:29,8,2024-08-01 18:29,[달성구조대-달성구조공작(구조대차)][AVL 입력자(달성구조공작)]출동보고
달성구조대,2,1000000778,현장도착보고,2024-08-01 18:50,24,2024-08-01 18:50,[달성구조대-달성구조공작(구조대차)][AVL 입력자(달성구조공작)]현장도착보고
달성구조대,2,1000000863,현장도착보고,2024-08-01 18:55,26,2024-08-01 18:55,[달성구조대-달성구조버스(구조대차)]현장도착보고
화원119안전센터,1,1000000813,현장도착보고,2024-08-01 18:35,16,2024-08-01 18:35,[화원119-화원펌프(펌프차)][AVL 입력자(화원펌프)]현장도착보고
화원119안전센터,1,1000000813,출동보고,2024-08-01 18:28,5,2024-08-01 18:28,[화원119-화원펌프(펌프차)][AVL 입력자(화원펌프)]출동보고
화원119안전센터,1,1000001044,현장도착보고,2024-08-01 18:43,21,2024-08-01 18:43,[화원119-화원구급(구급차)][AVL 입력자(화원구급)]현장도착보고
화원119안전센터,1,1000001044,출동보고,2024-08-01 18:28,6,2024-08-01 18:28,[화원119-화원구급(구급차)][AVL 입력자(화원구급)]출동보고
수성구급대,1,1000001065,현장도착보고,2024-08-01 18:35,12,2024-08-01 18:35,[수성구급대-수성본대2차(구급차)][AVL 입력자(수성본대2차)]현장도착보고
수성구급대,1,1000001065,출동보고,2024-08-01 18:31,8,2024-08-01 18:31,[수성구급대-수성본대2차(구급차)][AVL 입력자(수성본대2차)]출동보고
죽전119안전센터,1,1000001027,출동보고,2024-08-01 18:30,6,2024-08-01 18:30,[죽전119-죽전구급(구급차)][AVL 입력자(죽전구급)]출동보고
죽전119안전센터,1,1000001027,현장도착보고,2024-08-01 18:34,11,2024-08-01 18:34,[죽전119-죽전구급(구급차)][AVL 입력자(죽전구급)]현장도착보고
중부구조대,1,1000001006,현장도착보고,2024-08-01 18:46,15,2024-08-01 18:46,[중부구조대-중부구조공작(구조대차)][AVL 입력자(중부구조공작)]현장도착보고
중부구조대,1,1000001006,출동보고,2024-08-01 18:29,5,2024-08-01 18:29,[중부구조대-중부구조공작(구조대차)][AVL 입력자(중부구조공작)]출동보고
현장지휘단,1,1000000734,출동보고,2024-08-01 19:05,4,2024-08-01 19:05,[현장지휘단-강서화재조사(화재조사차)][AVL 입력자(강서화재조사)]출동보고
읍내119안전센터,1,1000001207,현장도착보고,2024-08-01 18:36,5,2024-08-01 18:36,[읍내119-읍내구급(구급차)][AVL 입력자(읍내구급)]현장도착보고
읍내119안전센터,1,1000001207,출동보고,2024-08-01 18:31,3,2024-08-01 18:31,[읍내119-읍내구급(구급차)][AVL 입력자(읍내구급)]출동보고
삼덕119안전센터,1,1000001075,현장도착보고,2024-08-01 18:47,5,2024-08-01 18:47,[삼덕119-삼덕구급(구급차)][AVL 입력자(삼덕구급)]현장도착보고
삼덕119안전센터,1,1000001075,출동보고,2024-08-01 18:34,3,2024-08-01 18:34,[삼덕119-삼덕구급(구급차)][AVL 입력자(삼덕구급)]출동보고
범물119안전센터,1,1000000931,출동보고,2024-08-01 18:36,4,2024-08-01 18:36,[범물119-범물화학(화학차)][AVL 입력자(범물화학)]출동보고
범물119안전센터,1,1000000931,현장도착보고,2024-08-01 18:48,6,2024-08-01 18:48,[범물119-범물화학(화학차)][AVL 입력자(범물화학)]현장도착보고
달서구급대,1,1000001255,출동보고,2024-08-01 18:36,3,2024-08-01 18:36,[달서구급대-달서본대1차(구급차)][AVL 입력자(달서본대1차)]출동보고
달서구급대,1,1000001255,현장도착보고,2024-08-01 18:40,5,2024-08-01 18:40,[달서구급대-달서본대1차(구급차)][AVL 입력자(달서본대1차)]현장도착보고
내당119안전센터,1,1000000817,출동보고,2024-08-01 18:37,5,2024-08-01 18:37,[내당119-내당펌프(펌프차)][AVL 입력자(내당펌프)]출동보고
내당119안전센터,1,1000000817,현장도착보고,2024-08-01 18:43,13,2024-08-01 18:43,[내당119-내당펌프(펌프차)][AVL 입력자(내당펌프)]현장도착보고
북부구조대,1,1000000775,출동보고,2024-08-01 18:37,6,2024-08-01 18:37,[북부구조대-북부구조공작(구조대차)][AVL 입력자(북부구조공작)]출동보고
중부구급대,1,1000001073,현장도착보고,2024-08-01 18:40,11,2024-08-01 18:40,[중부구급대-중부본대1차(구급차)][AVL 입력자(중부본대1차)]현장도착보고
중부구급대,1,1000001073,출동보고,2024-08-01 18:38,7,2024-08-01 18:38,[중부구급대-중부본대1차(구급차)][AVL 입력자(중부본대1차)]출동보고
복현119지역대,1,1000001077,출동보고,2024-08-01 18:38,4,2024-08-01 18:38,[복현지역대-복현구급(구급차)][AVL 입력자(복현구급)]출동보고
복현119지역대,1,1000001077,현장도착보고,2024-08-01 18:40,6,2024-08-01 18:40,[복현지역대-복현구급(구급차)][AVL 입력자(복현구급)]현장도착보고
상동119안전센터,1,1000000961,현장도착보고,2024-08-01 18:53,6,2024-08-01 18:53,[상동119-상동펌프(호)(펌프차)][AVL 입력자(상동펌프(호))]현장도착보고
상동119안전센터,1,1000000961,출동보고,2024-08-01 18:44,4,2024-08-01 18:44,[상동119-상동펌프(호)(펌프차)][AVL 입력자(상동펌프(호))]출동보고
황금119안전센터,1,1000000829,현장도착보고,2024-08-01 18:45,4,2024-08-01 18:45,[황금119-황금펌프(펌프차)][AVL 입력자(황금펌프)]현장도착보고
황금119안전센터,1,1000000829,출동보고,2024-08-01 18:42,3,2024-08-01 18:42,[황금119-황금펌프(펌프차)][AVL 입력자(황금펌프)]출동보고
공산119안전센터,1,1000000827,현장도착보고,2024-08-01 18:55,7,2024-08-01 18:55,"[공산119-공산펌프(호,구조대)(펌프차)][AVL 입력자(공산펌프(호,구조대))]현장도착보고"
공산119안전센터,1,1000000827,출동보고,2024-08-01 18:44,5,2024-08-01 18:44,"[공산119-공산펌프(호,구조대)(펌프차)][AVL 입력자(공산펌프(호,구조대))]출동보고"
공산119안전센터,1,1000000827,현장도착보고,2024-08-01 19:03,6,2024-08-01 19:03,"[공산119-공산펌프(호,구조대)(펌프차)][AVL 입력자(공산펌프(호,구조대))]현장도착보고"
공산119안전센터,1,1000000827,출동보고,2024-08-01 18:58,3,2024-08-01 18:58,"[공산119-공산펌프(호,구조대)(펌프차)][AVL 입력자(공산펌프(호,구조대))]출동보고"
태전119안전센터,1,1000001170,출동보고,2024-08-01 18:59,4,2024-08-01 18:59,[태전119-태전펌프(카)(펌프차)][AVL 입력자(태전펌프(카))]출동보고
태전119안전센터,1,1000001170,현장도착보고,2024-08-01 19:04,5,2024-08-01 19:04,[태전119-태전펌프(카)(펌프차)][AVL 입력자(태전펌프(카))]현장도착보고
명덕119안전센터,1,1000000995,현장도착보고,2024-08-01 19:06,4,2024-08-01 19:06,[명덕119-명덕구급(구급차)][AVL 입력자(명덕구급)]현장도착보고
명덕119안전센터,1,1000000995,출동보고,2024-08-01 19:01,3,2024-08-01 19:01,[명덕119-명덕구급(구급차)][AVL 입력자(명덕구급)]출동보고
동촌119안전센터,1,1000001037,현장도착보고,2024-08-01 19:15,6,2024-08-01 19:15,[동촌119-동촌펌프(호)(펌프차)][AVL 입력자(동촌펌프(호))]현장도착보고
동촌119안전센터,1,1000001037,출동보고,2024-08-01 19:03,4,2024-08-01 19:03,[동촌119-동촌펌프(호)(펌프차)][AVL 입력자(동촌펌프(호))]출동보고
이현119안전센터,1,1000001150,출동보고,2024-08-01 19:06,4,2024-08-01 19:06,[이현119-이현구급(구급차)][AVL 입력자(이현구급)]출동보고
이현119안전센터,1,1000001150,현장도착보고,2024-08-01 19:10,6,2024-08-01 19:10,[이현119-이현구급(구급차)][AVL 입력자(이현구급)]현장도착보고
본리119안전센터,1,1000001029,출동보고,2024-08-01 19:09,3,2024-08-01 19:09,[본리119-본리구급(구급차)][AVL 입력자(본리구급)]출동보고
본리119안전센터,1,1000001029,현장도착보고,2024-08-01 19:25,4,2024-08-01 19:25,[본리119-본리구급(구급차)][AVL 입력자(본리구급)]현장도착보고
내당119안전센터,1,1000001038,출동보고,2024-08-01 19:09,3,2024-08-01 19:09,[내당119-내당구급(구급차)][AVL 입력자(내당구급)]출동보고
내당119안전센터,1,1000001038,현장도착보고,2024-08-01 19:15,4,2024-08-01 19:15,[내당119-내당구급(구급차)][AVL 입력자(내당구급)]현장도착보고
율하119안전센터,1,1000000857,현장도착보고,2024-08-01 19:12,5,2024-08-01 19:12,[율하119-율하구급(구급차)][AVL 입력자(율하구급)]현장도착보고
율하119안전센터,1,1000000857,출동보고,2024-08-01 19:10,4,2024-08-01 19:10,[율하119-율하구급(구급차)][AVL 입력자(율하구급)]출동보고
안심119안전센터,1,1000001210,출동보고,2024-08-01 19:12,4,2024-08-01 19:12,[안심119-안심특별구급(구급차)][AVL 입력자(안심특별구급)]출동보고
안심119안전센터,1,1000001210,현장도착보고,2024-08-01 19:18,5,2024-08-01 19:18,[안심119-안심특별구급(구급차)][AVL 입력자(안심특별구급)]현장도착보고
침산119안전센터,1,1000001024,현장도착보고,2024-08-01 19:19,6,2024-08-01 19:19,[침산119-침산구급(구급차)][AVL 입력자(침산구급)]현장도착보고
침산119안전센터,1,1000001024,출동보고,2024-08-01 19:13,4,2024-08-01 19:13,[침산119-침산구급(구급차)][AVL 입력자(침산구급)]출동보고
119특수구조대,5,1000000862,출동보고,2024-08-01 19:19,42,2024-08-01 19:19,[119특수구조대-특구대구조버스(특수구조버스)][AVL 입력자(특구대구조버스)]출동보고
강서구조대,4,1000000754,출동보고,2024-08-01 19:20,45,2024-08-01 19:20,[강서구조대-강서구조공작(구조대차)][AVL 입력자(강서구조공작)]출동보고
구지119안전센터,1,1000000949,현장도착보고,2024-08-01 19:16,17,2024-08-01 19:16,[구지119-구지탱크(탱크차)][AVL 입력자(구지탱크)]현장도착보고
구지119안전센터,1,1000000949,출동보고,2024-08-01 19:12,4,2024-08-01 19:12,[구지119-구지탱크(탱크차)][AVL 입력자(구지탱크)]출동보고
구지119안전센터,1,1000001035,출동보고,2024-08-01 19:12,3,2024-08-01 19:12,[구지119-구지펌프(호)(펌프차)][AVL 입력자(구지펌프(호))]출동보고
구지119안전센터,1,1000001035,현장도착보고,2024-08-01 19:16,16,2024-08-01 19:16,[구지119-구지펌프(호)(펌프차)][AVL 입력자(구지펌프(호))]현장도착보고
구지119안전센터,1,1000001146,출동보고,2024-08-01 19:13,8,2024-08-01 19:13,[구지119-구지구급(구급차)][AVL 입력자(구지구급)]출동보고
구지119안전센터,1,1000001146,현장도착보고,2024-08-01 19:17,18,2024-08-01 19:17,[구지119-구지구급(구급차)][AVL 입력자(구지구급)]현장도착보고
논공119안전센터,4,1000001204,출동보고,2024-08-01 19:19,41,2024-08-01 19:19,[논공119-논공특별구급(구급차)][AVL 입력자(논공특별구급)]출동보고
달서구조대,1,1000001048,출동보고,2024-08-01 19:12,5,2024-08-01 19:12,[달서구조대-달서구조공작(구조대차)][AVL 입력자(달서구조공작)]출동보고
달서구조대,4,1000001048,출동보고,2024-08-01 19:19,37,2024-08-01 19:19,[달서구조대-달서구조공작(구조대차)][AVL 입력자(달서구조공작)]출동보고
달성구급대,4,1000000867,현장도착보고,2024-08-01 19:23,81,2024-08-01 19:23,[달성구급대-달성본대2차(구급차)][AVL 입력자(달성본대2차)]현장도착보고
달성구급대,4,1000000867,출동보고,2024-08-01 19:20,51,2024-08-01 19:20,[달성구급대-달성본대2차(구급차)][AVL 입력자(달성본대2차)]출동보고
현장지휘단,1,1000000593,현장도착보고,2024-08-01 19:21,56,2024-08-01 19:21,[현장지휘단-달성화재조사(화재조사차)][AVL 입력자(달성화재조사)]현장도착보고
현장지휘단,1,1000000593,출동보고,2024-08-01 19:13,10,2024-08-01 19:13,[현장지휘단-달성화재조사(화재조사차)][AVL 입력자(달성화재조사)]출동보고
현장지휘단,1,1000000868,현장도착보고,2024-08-01 19:20,50,2024-08-01 19:20,[현장지휘단-달성현장지휘(지휘차)][AVL 입력자(달성현장지휘)]현장도착보고
현장지휘단,1,1000000868,출동보고,2024-08-01 19:13,11,2024-08-01 19:13,[현장지휘단-달성현장지휘(지휘차)][AVL 입력자(달성현장지휘)]출동보고
현풍119안전센터,1,1000000962,출동보고,2024-08-01 19:14,12,2024-08-01 19:14,[현풍119-현풍펌프(호)(펌프차)][AVL 입력자(현풍펌프(호))]출동보고
현풍119안전센터,1,1000000962,현장도착보고,2024-08-01 19:23,76,2024-08-01 19:23,[현풍119-현풍펌프(호)(펌프차)][AVL 입력자(현풍펌프(호))]현장도착보고
현풍119안전센터,2,1000000729,출동보고,2024-08-01 19:19,38,2024-08-01 19:19,[현풍119-현풍탱크(탱크차)][AVL 입력자(현풍탱크)]출동보고
현풍119안전센터,3,1000000772,출동보고,2024-08-01 19:19,35,2024-08-01 19:19,[현풍119-현풍고가(고가차)][AVL 입력자(현풍고가)]출동보고
현풍119안전센터,3,1000000838,출동보고,2024-08-01 19:18,29,2024-08-01 19:18,[현풍119-현풍조연(특수차)][AVL 입력자(현풍조연)]출동보고
현풍119안전센터,3,1000000884,출동보고,2024-08-01 19:18,33,2024-08-01 19:18,[현풍119-현풍화학(고성능)(화학차)][AVL 입력자(현풍화학(고성능))]출동보고
화원119안전센터,2,1000001243,출동보고,2024-08-01 19:18,23,2024-08-01 19:18,[화원119-화원탱크(탱크차)][AVL 입력자(화원탱크)]출동보고
수성구조대,1,1000000779,출동보고,2024-08-01 19:13,4,2024-08-01 19:13,[수성구조대-수성구조공작(구조대차)][AVL 입력자(수성구조공작)]출동보고
수성구조대,1,1000000779,현장도착보고,2024-08-01 19:22,6,2024-08-01 19:22,[수성구조대-수성구조공작(구조대차)][AVL 입력자(수성구조공작)]현장도착보고
서부구급대,1,1000001218,현장도착보고,2024-08-01 19:19,5,2024-08-01 19:19,[서부구급대-서부본대1차(구급차)][AVL 입력자(서부본대1차)]현장도착보고
서부구급대,1,1000001218,출동보고,2024-08-01 19:15,4,2024-08-01 19:15,[서부구급대-서부본대1차(구급차)][AVL 입력자(서부본대1차)]출동보고
읍내119안전센터,1,1000001030,출동보고,2024-08-01 19:19,4,2024-08-01 19:19,[읍내119-읍내펌프(호)(펌프차)][AVL 입력자(읍내펌프(호))]출동보고
읍내119안전센터,1,1000001030,현장도착보고,2024-08-01 19:24,5,2024-08-01 19:24,[읍내119-읍내펌프(호)(펌프차)][AVL 입력자(읍내펌프(호))]현장도착보고
금호119안전센터,1,1000001194,현장도착보고,2024-08-01 19:23,10,2024-08-01 19:23,[금호119-금호펌프(펌프차)][AVL 입력자(금호펌프)]현장도착보고
금호119안전센터,1,1000001194,출동보고,2024-08-01 19:20,5,2024-08-01 19:20,[금호119-금호펌프(펌프차)][AVL 입력자(금호펌프)]출동보고
금호119안전센터,2,1000000967,출동보고,2024-08-01 19:22,9,2024-08-01 19:22,[금호119-금호구급(구급차)][AVL 입력자(금호구급)]출동보고
금호119안전센터,2,1000000967,현장도착보고,2024-08-01 19:24,12,2024-08-01 19:24,[금호119-금호구급(구급차)][AVL 입력자(금호구급)]현장도착보고
태전119안전센터,1,1000001149,출동보고,2024-08-01 19:20,6,2024-08-01 19:20,[태전119-태전구급(구급차)][AVL 입력자(태전구급)]출동보고
무태119안전센터,1,1000000993,현장도착보고,2024-08-01 19:32,13,2024-08-01 19:32,[무태119-무태구급(구급차)][AVL 입력자(무태구급)]현장도착보고
무태119안전센터,1,1000000993,출동보고,2024-08-01 19:22,5,2024-08-01 19:22,[무태119-무태구급(구급차)][AVL 입력자(무태구급)]출동보고
무태119안전센터,2,1000001184,출동보고,2024-08-01 19:23,9,2024-08-01 19:23,[무태119-무태펌프(구암2차)(펌프차)][AVL 입력자(무태펌프(구암2차))]출동보고
무태119안전센터,2,1000001184,현장도착보고,2024-08-01 19:34,14,2024-08-01 19:34,[무태119-무태펌프(구암2차)(펌프차)][AVL 입력자(무태펌프(구암2차))]현장도착보고
북부구조대,1,1000000775,출동보고,2024-08-01 19:21,3,2024-08-01 19:21,[북부구조대-북부구조공작(구조대차)][AVL 입력자(북부구조공작)]출동보고
중부구급대,1,1000001073,출동보고,2024-08-01 19:22,4,2024-08-01 19:22,[중부구급대-중부본대1차(구급차)][AVL 입력자(중부본대1차)]출동보고
중부구급대,1,1000001073,현장도착보고,2024-08-01 19:27,5,2024-08-01 19:27,[중부구급대-중부본대1차(구급차)][AVL 입력자(중부본대1차)]현장도착보고
불로119안전센터,1,1000000739,출동보고,2024-08-01 19:21,4,2024-08-01 19:21,[불로119-불로구급(구급차)][AVL 입력자(불로구급)]출동보고
불로119안전센터,1,1000000739,현장도착보고,2024-08-01 19:24,6,2024-08-01 19:24,[불로119-불로구급(구급차)][AVL 입력자(불로구급)]현장도착보고
송현119안전센터,1,1000001067,현장도착보고,2024-08-01 19:41,5,2024-08-01 19:41,[송현119-송현구급(구급차)][AVL 입력자(송현구급)]현장도착보고
송현119안전센터,1,1000001067,출동보고,2024-08-01 19:35,4,2024-08-01 19:35,[송현119-송현구급(구급차)][AVL 입력자(송현구급)]출동보고
수성구급대,1,1000001163,출동보고,2024-08-01 19:36,4,2024-08-01 19:36,[수성구급대-수성본대1차(구급차)][AVL 입력자(수성본대1차)]출동보고
수성구급대,1,1000001163,현장도착보고,2024-08-01 19:42,5,2024-08-01 19:42,[수성구급대-수성본대1차(구급차)][AVL 입력자(수성본대1차)]현장도착보고
성명119안전센터,1,1000001026,현장도착보고,2024-08-01 19:52,17,2024-08-01 19:52,[성명119-성명구급(구급차)][AVL 입력자(성명구급)]현장도착보고
성명119안전센터,1,1000001026,출동보고,2024-08-01 19:41,6,2024-08-01 19:41,[성명119-성명구급(구급차)][AVL 입력자(성명구급)]출동보고
송현119안전센터,1,1000000141,출동보고,2024-08-01 19:42,8,2024-08-01 19:42,[송현119-송현펌프(호)(펌프차)][AVL 입력자(송현펌프(호))]출동보고
송현119안전센터,1,1000000141,현장도착보고,2024-08-01 19:44,9,2024-08-01 19:44,[송현119-송현펌프(호)(펌프차)][AVL 입력자(송현펌프(호))]현장도착보고
중부구급대,2,1000001157,현장도착보고,2024-08-01 19:51,15,2024-08-01 19:51,[중부구급대-중부특별(본대2차)(구급차)][AVL 입력자(중부특별(본대2차))]현장도착보고
중부구급대,2,1000001157,출동보고,2024-08-01 19:42,7,2024-08-01 19:42,[중부구급대-중부특별(본대2차)(구급차)][AVL 입력자(중부특별(본대2차))]출동보고
죽전119안전센터,1,1000001027,현장도착보고,2024-08-01 19:50,4,2024-08-01 19:50,[죽전119-죽전구급(구급차)][AVL 입력자(죽전구급)]현장도착보고
죽전119안전센터,1,1000001027,출동보고,2024-08-01 19:45,3,2024-08-01 19:45,[죽전119-죽전구급(구급차)][AVL 입력자(죽전구급)]출동보고
북부구조대,1,1000000775,현장도착보고,2024-08-01 19:52,4,2024-08-01 19:52,[북부구조대-북부구조공작(구조대차)][AVL 입력자(북부구조공작)]현장도착보고
북부구조대,1,1000000775,출동보고,2024-08-01 19:44,3,2024-08-01 19:44,[북부구조대-북부구조공작(구조대차)][AVL 입력자(북부구조공작)]출동보고
북부구조대,1,1000001019,현장도착보고,2024-08-01 19:52,5,2024-08-01 19:52,[북부구조대-북부구조버스(구조대차)]현장도착보고
봉덕119안전센터,1,1000000956,현장도착보고,2024-08-01 19:49,4,2024-08-01 19:49,[봉덕119-봉덕펌프(호)(펌프차)][AVL 입력자(봉덕펌프(호))]현장도착보고
상동119안전센터,1,1000000965,현장도착보고,2024-08-01 19:55,16,2024-08-01 19:55,[상동119-상동구급(수성예비)(구급차)][AVL 입력자(상동구급(수성예비))]현장도착보고
상동119안전센터,1,1000000965,출동보고,2024-08-01 19:50,7,2024-08-01 19:50,[상동119-상동구급(수성예비)(구급차)][AVL 입력자(상동구급(수성예비))]출동보고
현장지휘단,1,1000000847,현장도착보고,2024-08-01 20:00,27,2024-08-01 20:00,[현장지휘단-수성화재조사(화재조사차)][AVL 입력자(수성화재조사)]현장도착보고
현장지휘단,1,1000001177,현장도착보고,2024-08-01 19:56,20,2024-08-01 19:56,[현장지휘단-수성현장지휘(지휘차)][AVL 입력자(수성현장지휘)]현장도착보고
황금119안전센터,1,1000000829,현장도착보고,2024-08-01 19:54,11,2024-08-01 19:54,[황금119-황금펌프(펌프차)][AVL 입력자(황금펌프)]현장도착보고
황금119안전센터,1,1000000904,현장도착보고,2024-08-01 19:55,15,2024-08-01 19:55,[황금119-황금2차펌프(소형)(탱크차)]현장도착보고
복현119지역대,1,1000001077,현장도착보고,2024-08-01 19:57,6,2024-08-01 19:57,[복현지역대-복현구급(구급차)][AVL 입력자(복현구급)]현장도착보고
복현119지역대,1,1000001077,출동보고,2024-08-01 19:50,4,2024-08-01 19:50,[복현지역대-복현구급(구급차)][AVL 입력자(복현구급)]출동보고
불로119안전센터,1,1000001088,현장도착보고,2024-08-01 19:58,5,2024-08-01 19:58,[불로119-불로펌프(카)(펌프차)][AVL 입력자(불로펌프(카))]현장도착보고
불로119안전센터,1,1000001088,출동보고,2024-08-01 19:55,4,2024-08-01 19:55,[불로119-불로펌프(카)(펌프차)][AVL 입력자(불로펌프(카))]출동보고
읍내119안전센터,1,1000001030,출동보고,2024-08-01 19:53,3,2024-08-01 19:53,[읍내119-읍내펌프(호)(펌프차)][AVL 입력자(읍내펌프(호))]출동보고
읍내119안전센터,1,1000001030,현장도착보고,2024-08-01 20:01,5,2024-08-01 20:01,[읍내119-읍내펌프(호)(펌프차)][AVL 입력자(읍내펌프(호))]현장도착보고
남구119구조대,1,1000001092,출동보고,2024-08-01 19:57,8,2024-08-01 19:57,[남구구조대-남구구조(구조대차)][AVL 입력자(남구구조)]출동보고
남산119안전센터,1,1000001086,출동보고,2024-08-01 19:58,13,2024-08-01 19:58,[남산119-남산굴절(28m)(굴절차)][AVL 입력자(남산굴절(28m))]출동보고
내당119안전센터,1,1000000817,출동보고,2024-08-01 19:57,7,2024-08-01 19:57,[내당119-내당펌프(펌프차)][AVL 입력자(내당펌프)]출동보고
대명119지역대,1,1000001072,현장도착보고,2024-08-01 20:03,37,2024-08-01 20:03,[대명지역대-대명구급(구급차)][AVL 입력자(대명구급)]현장도착보고
대명119지역대,1,1000001072,출동보고,2024-08-01 19:58,22,2024-08-01 19:58,[대명지역대-대명구급(구급차)][AVL 입력자(대명구급)]출동보고
명덕119안전센터,1,1000000951,출동보고,2024-08-01 19:57,9,2024-08-01 19:57,[명덕119-명덕탱크(탱크차)][AVL 입력자(명덕탱크)]출동보고
명덕119안전센터,1,1000001087,출동보고,2024-08-01 19:58,10,2024-08-01 19:58,[명덕119-명덕펌프(카)(펌프차)][AVL 입력자(명덕펌프(카))]출동보고
성명119안전센터,1,1000000809,현장도착보고,2024-08-01 20:06,41,2024-08-01 20:06,[성명119-성명2차펌(탱크차)]현장도착보고
성명119안전센터,1,1000000809,출동보고,2024-08-01 19:58,25,2024-08-01 19:58,[성명119-성명2차펌(탱크차)][AVL 입력자(성명2차펌)]출동보고
성명119안전센터,1,1000001051,현장도착보고,2024-08-01 20:05,39,2024-08-01 20:05,[성명119-성명펌프1차(카)(펌프차)][AVL 입력자(성명펌프1차(카))]현장도착보고
성명119안전센터,1,1000001051,출동보고,2024-08-01 19:58,12,2024-08-01 19:58,[성명119-성명펌프1차(카)(펌프차)][AVL 입력자(성명펌프1차(카))]출동보고
현장지휘단,1,1000001176,출동보고,2024-08-01 19:58,14,2024-08-01 19:58,[현장지휘단-중부현장지휘(2012)(지휘차)][AVL 입력자(중부현장지휘(2012))]출동보고
현장지휘단,1,1000001176,현장도착보고,2024-08-01 20:02,36,2024-08-01 20:02,[현장지휘단-중부현장지휘(2012)(지휘차)][AVL 입력자(중부현장지휘(2012))]현장도착보고
119특수구조대,1,1000000862,출동보고,2024-08-01 19:59,24,2024-08-01 19:59,[119특수구조대-특구대구조버스(특수구조버스)][AVL 입력자(특구대구조버스)]출동보고
대명119지역대,2,1000001209,출동보고,2024-08-01 20:00,32,2024-08-01 20:00,[대명지역대-대명펌프(카)(펌프차)][AVL 입력자(대명펌프(카))]출동보고
범물119안전센터,1,1000000898,출동보고,2024-08-01 19:59,12,2024-08-01 19:59,[범물119-범물펌프(호)(펌프차)][AVL 입력자(범물펌프(호))]출동보고
범물119안전센터,1,1000000931,출동보고,2024-08-01 19:59,19,2024-08-01 19:59,[범물119-범물화학(화학차)][AVL 입력자(범물화학)]출동보고
범물119안전센터,1,1000001012,출동보고,2024-08-01 19:59,16,2024-08-01 19:59,[범물119-범물조연(특수차)][AVL 입력자(범물조연)]출동보고
봉덕119안전센터,1,1000000888,현장도착보고,2024-08-01 20:03,47,2024-08-01 20:03,[봉덕119-봉덕탱크(탱크차)][AVL 입력자(봉덕탱크)]현장도착보고
봉덕119안전센터,1,1000000888,출동보고,2024-08-01 19:59,10,2024-08-01 19:59,[봉덕119-봉덕탱크(탱크차)][AVL 입력자(봉덕탱크)]출동보고
봉덕119안전센터,1,1000000956,출동보고,2024-08-01 19:58,5,2024-08-01 19:58,[봉덕119-봉덕펌프(호)(펌프차)][AVL 입력자(봉덕펌프(호))]출동보고
봉덕119안전센터,1,1000000956,현장도착보고,2024-08-01 20:00,31,2024-08-01 20:00,[봉덕119-봉덕펌프(호)(펌프차)][AVL 입력자(봉덕펌프(호))]현장도착보고
봉덕119안전센터,1,1000001158,현장도착보고,2024-08-01 20:04,68,2024-08-01 20:04,[봉덕119-봉덕구급(구급차)]현장도착보고
삼덕119안전센터,1,1000000833,출동보고,2024-08-01 19:59,9,2024-08-01 19:59,[삼덕119-삼덕펌프(펌프차)][AVL 입력자(삼덕펌프)]출동보고
삼덕119안전센터,1,1000000886,출동보고,2024-08-01 19:59,17,2024-08-01 19:59,[삼덕119-삼덕탱크(탱크차)][AVL 입력자(삼덕탱크)]출동보고
상동119안전센터,1,1000000899,출동보고,2024-08-01 19:59,20,2024-08-01 19:59,[상동119-상동탱크(탱크차)][AVL 입력자(상동탱크)]출동보고
상동119안전센터,1,1000000961,출동보고,2024-08-01 19:59,21,2024-08-01 19:59,[상동119-상동펌프(호)(펌프차)][AVL 입력자(상동펌프(호))]출동보고
상동119안전센터,1,1000000961,현장도착보고,2024-08-01 20:03,44,2024-08-01 20:03,[상동119-상동펌프(호)(펌프차)][AVL 입력자(상동펌프(호))]현장도착보고
수성119안전센터,1,1000000953,현장도착보고,2024-08-01 20:06,79,2024-08-01 20:06,[수성119-수성굴절(35m)(굴절차)][AVL 입력자(수성굴절(35m))]현장도착보고
수성119안전센터,1,1000000953,출동보고,2024-08-01 19:58,8,2024-08-01 19:58,[수성119-수성굴절(35m)(굴절차)][AVL 입력자(수성굴절(35m))]출동보고
수성119안전센터,1,1000001064,현장도착보고,2024-08-01 20:06,81,2024-08-01 20:06,[수성119-수성센터구급(구급차)][AVL 입력자(수성센터구급)]현장도착보고
수성119안전센터,1,1000001064,출동보고,2024-08-01 19:59,15,2024-08-01 19:59,[수성119-수성센터구급(구급차)][AVL 입력자(수성센터구급)]출동보고
수성구조대,1,1000000779,출동보고,2024-08-01 19:58,3,2024-08-01 19:58,[수성구조대-수성구조공작(구조대차)][AVL 입력자(수성구조공작)]출동보고
신천119안전센터,1,1000000687,출동보고,2024-08-01 19:59,13,2024-08-01 19:59,[신천119-신천탱크(탱크차)][AVL 입력자(신천탱크)]출동보고
신천119안전센터,1,1000000713,출동보고,2024-08-01 19:59,23,2024-08-01 19:59,[신천119-신천고가(고가차)][AVL 입력자(신천고가)]출동보고
신천119안전센터,1,1000000826,출동보고,2024-08-01 19:59,14,2024-08-01 19:59,[신천119-신천펌프(펌프차)][AVL 입력자(신천펌프)]출동보고
중부구조대,1,1000001006,출동보고,2024-08-01 20:00,29,2024-08-01 20:00,[중부구조대-중부구조공작(구조대차)][AVL 입력자(중부구조공작)]출동보고
현장지휘단,3,1000000847,출동보고,2024-08-01 20:02,39,2024-08-01 20:02,[현장지휘단-수성화재조사(화재조사차)][AVL 입력자(수성화재조사)]출동보고
현장지휘단,3,1000000847,현장도착보고,2024-08-01 20:03,43,2024-08-01 20:03,[현장지휘단-수성화재조사(화재조사차)][AVL 입력자(수성화재조사)]현장도착보고
현장지휘단,4,1000001177,현장도착보고,2024-08-01 20:04,69,2024-08-01 20:04,[현장지휘단-수성현장지휘(지휘차)][AVL 입력자(수성현장지휘)]현장도착보고
황금119안전센터,5,1000000829,현장도착보고,2024-08-01 20:10,85,2024-08-01 20:10,[황금119-황금펌프(펌프차)][AVL 입력자(황금펌프)]현장도착보고
황금119안전센터,5,1000000829,출동보고,2024-08-01 20:04,72,2024-08-01 20:04,[황금119-황금펌프(펌프차)][AVL 입력자(황금펌프)]출동보고
침산119안전센터,2,1000001024,출동보고,2024-08-01 20:00,6,2024-08-01 20:00,[침산119-침산구급(구급차)][AVL 입력자(침산구급)]출동보고
침산119안전센터,2,1000001024,현장도착보고,2024-08-01 20:03,7,2024-08-01 20:03,[침산119-침산구급(구급차)][AVL 입력자(침산구급)]현장도착보고
서부구급대,1,1000001218,출동보고,2024-08-01 20:06,6,2024-08-01 20:06,[서부구급대-서부본대1차(구급차)][AVL 입력자(서부본대1차)]출동보고
서부구급대,1,1000001218,현장도착보고,2024-08-01 20:08,7,2024-08-01 20:08,[서부구급대-서부본대1차(구급차)][AVL 입력자(서부본대1차)]현장도착보고
강서구급대,1,1000001080,현장도착보고,2024-08-01 20:11,5,2024-08-01 20:11,[강서구급대-강서본대1차(구급차)][AVL 입력자(강서본대1차)]현장도착보고
강서구급대,1,1000001080,출동보고,2024-08-01 20:07,3,2024-08-01 20:07,[강서구급대-강서본대1차(구급차)][AVL 입력자(강서본대1차)]출동보고
교동119지역대,1,1000000836,현장도착보고,2024-08-01 20:10,28,2024-08-01 20:10,[교동지역대-교동펌프(카)(펌프차)]현장도착보고
남산119안전센터,1,1000000769,현장도착보고,2024-08-01 20:13,47,2024-08-01 20:13,[남산119-남산화학(화학차)]현장도착보고
남산119안전센터,1,1000000769,출동보고,2024-08-01 20:08,12,2024-08-01 20:08,[남산119-남산화학(화학차)][AVL 입력자(남산화학)]출동보고
남산119안전센터,1,1000000780,현장도착보고,2024-08-01 20:13,43,2024-08-01 20:13,[남산119-남산고가(53m)(고가차)]현장도착보고
남산119안전센터,1,1000000780,출동보고,2024-08-01 20:08,13,2024-08-01 20:08,[남산119-남산고가(53m)(고가차)][AVL 입력자(남산고가(53m))]출동보고
남산119안전센터,1,1000000824,현장도착보고,2024-08-01 20:13,45,2024-08-01 20:13,[남산119-남산탱크(2120)(탱크차)]현장도착보고
남산119안전센터,1,1000000824,출동보고,2024-08-01 20:08,10,2024-08-01 20:08,[남산119-남산탱크(2120)(탱크차)][AVL 입력자(남산탱크(2120))]출동보고
남산119안전센터,1,1000000906,현장도착보고,2024-08-01 20:13,46,2024-08-01 20:13,[남산119-남산조연(2170)(특수차)]현장도착보고
남산119안전센터,1,1000001050,현장도착보고,2024-08-01 20:12,35,2024-08-01 20:12,[남산119-남산펌프(카)(펌프차)][AVL 입력자(남산펌프(카))]현장도착보고
남산119안전센터,1,1000001050,출동보고,2024-08-01 20:08,11,2024-08-01 20:08,[남산119-남산펌프(카)(펌프차)][AVL 입력자(남산펌프(카))]출동보고
남산119안전센터,1,1000001086,출동보고,2024-08-01 20:08,14,2024-08-01 20:08,[남산119-남산굴절(28m)(굴절차)][AVL 입력자(남산굴절(28m))]출동보고
남산119안전센터,1,1000001086,현장도착보고,2024-08-01 20:13,44,2024-08-01 20:13,[남산119-남산굴절(28m)(굴절차)]현장도착보고
북부구조대,1,1000000775,출동보고,2024-08-01 20:07,7,2024-08-01 20:07,[북부구조대-북부구조공작(구조대차)][AVL 입력자(북부구조공작)]출동보고
북부구조대,1,1000000775,현장도착보고,2024-08-01 20:11,32,2024-08-01 20:11,[북부구조대-북부구조공작(구조대차)][AVL 입력자(북부구조공작)]현장도착보고
삼덕119안전센터,1,1000000833,현장도착보고,2024-08-01 20:10,27,2024-08-01 20:10,[삼덕119-삼덕펌프(펌프차)][AVL 입력자(삼덕펌프)]현장도착보고
삼덕119안전센터,1,1000000833,출동보고,2024-08-01 20:08,16,2024-08-01 20:08,[삼덕119-삼덕펌프(펌프차)][AVL 입력자(삼덕펌프)]출동보고
삼덕119안전센터,1,1000000886,현장도착보고,2024-08-01 20:12,33,2024-08-01 20:12,[삼덕119-삼덕탱크(탱크차)]현장도착보고
삼덕119안전센터,1,1000000886,출동보고,2024-08-01 20:09,22,2024-08-01 20:09,[삼덕119-삼덕탱크(탱크차)][AVL 입력자(삼덕탱크)]출동보고
서문로119안전센터,1,1000000715,현장도착보고,2024-08-01 20:09,23,2024-08-01 20:09,[서문로119-서문로굴절(굴절차)][AVL 입력자(서문로굴절)]현장도착보고
서문로119안전센터,1,1000000832,현장도착보고,2024-08-01 20:09,21,2024-08-01 20:09,[서문로119-서문로펌프(펌프차)][AVL 입력자(서문로펌프)]현장도착보고
서문로119안전센터,1,1000001074,현장도착보고,2024-08-01 20:10,26,2024-08-01 20:10,[서문로119-서문로구급(구급차)][AVL 입력자(서문로구급)]현장도착보고
현장지휘단,1,1000001201,출동보고,2024-08-01 20:07,4,2024-08-01 20:07,[현장지휘단-중부화재조사(2013)(화재조사차)][AVL 입력자(중부화재조사(2013))]출동보고
현장지휘단,1,1000001201,현장도착보고,2024-08-01 20:12,40,2024-08-01 20:12,[현장지휘단-중부화재조사(2013)(화재조사차)][AVL 입력자(중부화재조사(2013))]현장도착보고
현장지휘단,2,1000001176,현장도착보고,2024-08-01 20:13,48,2024-08-01 20:13,[현장지휘단-중부현장지휘(2012)(지휘차)]현장도착보고
현장지휘단,2,1000001176,출동보고,2024-08-01 20:07,9,2024-08-01 20:07,[현장지휘단-중부현장지휘(2012)(지휘차)][AVL 입력자(중부현장지휘(2012))]출동보고
안심119안전센터,1,1000001210,현장도착보고,2024-08-01 20:11,6,2024-08-01 20:11,[안심119-안심특별구급(구급차)][AVL 입력자(안심특별구급)]현장도착보고
안심119안전센터,1,1000001210,출동보고,2024-08-01 20:08,4,2024-08-01 20:08,[안심119-안심특별구급(구급차)][AVL 입력자(안심특별구급)]출동보고
상동119안전센터,1,1000000965,현장도착보고,2024-08-01 20:17,5,2024-08-01 20:17,[상동119-상동구급(수성예비)(구급차)][AVL 입력자(상동구급(수성예비))]현장도착보고
상동119안전센터,1,1000000965,출동보고,2024-08-01 20:09,3,2024-08-01 20:09,[상동119-상동구급(수성예비)(구급차)][AVL 입력자(상동구급(수성예비))]출동보고
고산119안전센터,1,1000001205,현장도착보고,2024-08-01 20:14,5,2024-08-01 20:14,[고산119-고산구급(구급차)][AVL 입력자(고산구급)]현장도착보고
고산119안전센터,1,1000001205,출동보고,2024-08-01 20:13,4,2024-08-01 20:13,[고산119-고산구급(구급차)][AVL 입력자(고산구급)]출동보고
수성구급대,1,1000001163,현장도착보고,2024-08-01 20:17,4,2024-08-01 20:17,[수성구급대-수성본대1차(구급차)][AVL 입력자(수성본대1차)]현장도착보고
강북구급대,1,1000001208,출동보고,2024-08-01 20:17,5,2024-08-01 20:17,[강북구급대-강북본대1차(구급차)][AVL 입력자(강북본대1차)]출동보고
강북구급대,1,1000001208,현장도착보고,2024-08-01 20:18,7,2024-08-01 20:18,[강북구급대-강북본대1차(구급차)][AVL 입력자(강북본대1차)]현장도착보고
강북구조대,1,1000001232,출동보고,2024-08-01 20:15,4,2024-08-01 20:15,[강북구조대-강북구조공작(구조대차)][AVL 입력자(강북구조공작)]출동보고
강북구조대,1,1000001232,현장도착보고,2024-08-01 20:18,6,2024-08-01 20:18,[강북구조대-강북구조공작(구조대차)][AVL 입력자(강북구조공작)]현장도착보고
수성구급대,1,1000001065,출동보고,2024-08-01 20:17,4,2024-08-01 20:17,[수성구급대-수성본대2차(구급차)][AVL 입력자(수성본대2차)]출동보고
수성구급대,1,1000001065,현장도착보고,2024-08-01 20:20,5,2024-08-01 20:20,[수성구급대-수성본대2차(구급차)][AVL 입력자(수성본대2차)]현장도착보고
구암119안전센터,1,1000001169,출동보고,2024-08-01 20:15,5,2024-08-01 20:15,[구암119안전센터-구암펌프1차(카)(펌프차)][AVL 입력자(구암펌프1차(카))]출동보고
내당119안전센터,1,1000000817,출동보고,2024-08-01 20:16,6,2024-08-01 20:16,[내당119-내당펌프(펌프차)][AVL 입력자(내당펌프)]출동보고
달서구조대,1,1000001048,현장도착보고,2024-08-01 20:21,33,2024-08-01 20:21,[달서구조대-달서구조공작(구조대차)][AVL 입력자(달서구조공작)]현장도착보고
달서구조대,1,1000001048,출동보고,2024-08-01 20:17,11,2024-08-01 20:17,[달서구조대-달서구조공작(구조대차)][AVL 입력자(달서구조공작)]출동보고
본리119안전센터,1,1000000704,출동보고,2024-08-01 20:17,12,2024-08-01 20:17,[본리119-본리2차펌프(탱크차)][AVL 입력자(본리2차펌프)]출동보고
본리119안전센터,1,1000000704,현장도착보고,2024-08-01 20:22,48,2024-08-01 20:22,[본리119-본리2차펌프(탱크차)]현장도착보고
본리119안전센터,1,1000000705,출동보고,2024-08-01 20:16,4,2024-08-01 20:16,[본리119-본리펌프1차(펌프차)][AVL 입력자(본리펌프1차)]출동보고
본리119안전센터,1,1000000705,현장도착보고,2024-08-01 20:22,34,2024-08-01 20:22,[본리119-본리펌프1차(펌프차)][AVL 입력자(본리펌프1차)]현장도착보고
월성119안전센터,1,1000000756,출동보고,2024-08-01 20:17,15,2024-08-01 20:17,[월성119-월성고가(고가차)][AVL 입력자(월성고가)]출동보고
월성119안전센터,1,1000000944,출동보고,2024-08-01 20:17,13,2024-08-01 20:17,[월성119-월성탱크(탱크차)][AVL 입력자(월성탱크)]출동보고
월성119안전센터,1,1000001011,출동보고,2024-08-01 20:16,7,2024-08-01 20:16,[월성119-월성조연(특수차)][AVL 입력자(월성조연)]출동보고
월성119안전센터,1,1000001032,출동보고,2024-08-01 20:17,10,2024-08-01 20:17,[월성119-월성펌프(호)(펌프차)][AVL 입력자(월성펌프(호))]출동보고
월성119안전센터,1,1000001032,현장도착보고,2024-08-01 20:22,37,2024-08-01 20:22,[월성119-월성펌프(호)(펌프차)][AVL 입력자(월성펌프(호))]현장도착보고
월성119안전센터,1,1000001237,출동보고,2024-08-01 20:16,9,2024-08-01 20:16,[월성119-월성화학(화학차)][AVL 입력자(월성화학)]출동보고
월성119안전센터,1,1000001237,현장도착보고,2024-08-01 20:22,41,2024-08-01 20:22,[월성119-월성화학(화학차)][AVL 입력자(월성화학)]현장도착보고
이현119안전센터,1,1000000958,출동보고,2024-08-01 20:17,17,2024-08-01 20:17,[이현119-이현펌프(1차)(호)(펌프차)][AVL 입력자(이현펌프(1차)(호))]출동보고
죽전119안전센터,1,1000000820,현장도착보고,2024-08-01 20:19,22,2024-08-01 20:19,[죽전119-죽전탱크(탱크차)][AVL 입력자(죽전탱크)]현장도착보고
죽전119안전센터,1,1000000820,출동보고,2024-08-01 20:17,14,2024-08-01 20:17,[죽전119-죽전탱크(탱크차)][AVL 입력자(죽전탱크)]출동보고
죽전119안전센터,1,1000000837,현장도착보고,2024-08-01 20:18,21,2024-08-01 20:18,[죽전119-죽전펌프(펌프차)][AVL 입력자(죽전펌프)]현장도착보고
죽전119안전센터,1,1000000837,출동보고,2024-08-01 20:16,5,2024-08-01 20:16,[죽전119-죽전펌프(펌프차)][AVL 입력자(죽전펌프)]출동보고
현장지휘단,1,1000000630,현장도착보고,2024-08-01 20:23,54,2024-08-01 20:23,[현장지휘단-달서현장지휘(지휘차)]현장도착보고
현장지휘단,1,1000000849,현장도착보고,2024-08-01 20:23,55,2024-08-01 20:23,[현장지휘단-달서화재조사(화재조사차)]현장도착보고
명덕119안전센터,1,1000000995,현장도착보고,2024-08-01 20:24,5,2024-08-01 20:24,[명덕119-명덕구급(구급차)][AVL 입력자(명덕구급)]현장도착보고
명덕119안전센터,1,1000000995,출동보고,2024-08-01 20:20,4,2024-08-01 20:20,[명덕119-명덕구급(구급차)][AVL 입력자(명덕구급)]출동보고
도원119안전센터,1,1000001159,출동보고,2024-08-01 20:20,3,2024-08-01 20:20,[도원119-도원구급(구급차)][AVL 입력자(도원구급)]출동보고
도원119안전센터,1,1000001159,현장도착보고,2024-08-01 20:22,4,2024-08-01 20:22,[도원119-도원구급(구급차)][AVL 입력자(도원구급)]현장도착보고
수성119안전센터,2,1000001064,출동보고,2024-08-01 20:26,11,2024-08-01 20:26,[수성119-수성센터구급(구급차)][AVL 입력자(수성센터구급)]출동보고
수성119안전센터,2,1000001064,현장도착보고,2024-08-01 20:35,12,2024-08-01 20:35,[수성119-수성센터구급(구급차)][AVL 입력자(수성센터구급)]현장도착보고
비산119안전센터,1,1000001151,현장도착보고,2024-08-01 20:31,4,2024-08-01 20:31,[비산119-비산구급(구급차)][AVL 입력자(비산구급)]현장도착보고
비산119안전센터,1,1000001151,출동보고,2024-08-01 20:27,3,2024-08-01 20:27,[비산119-비산구급(구급차)][AVL 입력자(비산구급)]출동보고
대현119안전센터,2,1000001206,현장도착보고,2024-08-01 20:35,7,2024-08-01 20:35,[대현119-대현구급(구급차)][AVL 입력자(대현구급)]현장도착보고
대현119안전센터,2,1000001206,출동보고,2024-08-01 20:33,6,2024-08-01 20:33,[대현119-대현구급(구급차)][AVL 입력자(대현구급)]출동보고
무태119안전센터,1,1000000993,출동보고,2024-08-01 20:34,3,2024-08-01 20:34,[무태119-무태구급(구급차)][AVL 입력자(무태구급)]출동보고
무태119안전센터,1,1000000993,현장도착보고,2024-08-01 20:44,4,2024-08-01 20:44,[무태119-무태구급(구급차)][AVL 입력자(무태구급)]현장도착보고
대천119안전센터,1,1000001160,출동보고,2024-08-01 20:38,5,2024-08-01 20:38,[대천119-대천구급(구급차)][AVL 입력자(대천구급)]출동보고
대천119안전센터,1,1000001160,현장도착보고,2024-08-01 20:51,9,2024-08-01 20:51,[대천119-대천구급(구급차)][AVL 입력자(대천구급)]현장도착보고
율하119안전센터,1,1000000857,출동보고,2024-08-01 20:42,3,2024-08-01 20:42,[율하119-율하구급(구급차)][AVL 입력자(율하구급)]출동보고
율하119안전센터,1,1000000857,현장도착보고,2024-08-01 20:48,4,2024-08-01 20:48,[율하119-율하구급(구급차)][AVL 입력자(율하구급)]현장도착보고
봉덕119안전센터,1,1000001158,출동보고,2024-08-01 20:44,3,2024-08-01 20:44,[봉덕119-봉덕구급(구급차)][AVL 입력자(봉덕구급)]출동보고
봉덕119안전센터,1,1000001158,현장도착보고,2024-08-01 20:47,4,2024-08-01 20:47,[봉덕119-봉덕구급(구급차)][AVL 입력자(봉덕구급)]현장도착보고
불로119안전센터,1,1000001088,현장도착보고,2024-08-01 20:49,4,2024-08-01 20:49,[불로119-불로펌프(카)(펌프차)][AVL 입력자(불로펌프(카))]현장도착보고
불로119안전센터,1,1000001088,출동보고,2024-08-01 20:44,3,2024-08-01 20:44,[불로119-불로펌프(카)(펌프차)][AVL 입력자(불로펌프(카))]출동보고
구암119안전센터,1,1000001169,출동보고,2024-08-01 20:43,6,2024-08-01 20:43,[구암119안전센터-구암펌프1차(카)(펌프차)][AVL 입력자(구암펌프1차(카))]출동보고
구암119안전센터,1,1000001172,출동보고,2024-08-01 20:44,20,2024-08-01 20:44,[구암119안전센터-구암탱크(소형)(탱크차)][AVL 입력자(구암탱크(소형))]출동보고
구암119안전센터,1,1000001174,출동보고,2024-08-01 20:47,32,2024-08-01 20:47,[구암119안전센터-구암조연(조연차)][AVL 입력자(구암조연)]출동보고
구암119안전센터,1,1000001175,출동보고,2024-08-01 20:44,18,2024-08-01 20:44,[구암119안전센터-구암화학(화학차)][AVL 입력자(구암화학)]출동보고
구암119안전센터,1,1000001175,현장도착보고,2024-08-01 20:52,51,2024-08-01 20:52,[구암119안전센터-구암화학(화학차)]현장도착보고
금호119안전센터,1,1000000967,출동보고,2024-08-01 20:44,12,2024-08-01 20:44,[금호119-금호구급(구급차)][AVL 입력자(금호구급)]출동보고
금호119안전센터,1,1000000967,현장도착보고,2024-08-01 20:47,29,2024-08-01 20:47,[금호119-금호구급(구급차)][AVL 입력자(금호구급)]현장도착보고
금호119안전센터,1,1000000970,현장도착보고,2024-08-01 20:48,34,2024-08-01 20:48,[금호119-금호탱크(탱크차)]현장도착보고
금호119안전센터,1,1000000970,출동보고,2024-08-01 20:44,22,2024-08-01 20:44,[금호119-금호탱크(탱크차)][AVL 입력자(금호탱크)]출동보고
금호119안전센터,1,1000001194,출동보고,2024-08-01 20:44,17,2024-08-01 20:44,[금호119-금호펌프(펌프차)][AVL 입력자(금호펌프)]출동보고
금호119안전센터,1,1000001194,현장도착보고,2024-08-01 20:47,31,2024-08-01 20:47,[금호119-금호펌프(펌프차)][AVL 입력자(금호펌프)]현장도착보고
서부구조대,1,1000001007,출동보고,2024-08-01 20:44,23,2024-08-01 20:44,[서부구조대-서부구조공작(구조대차)][AVL 입력자(서부구조공작)]출동보고
이현119안전센터,1,1000000958,출동보고,2024-08-01 20:44,11,2024-08-01 20:44,[이현119-이현펌프(1차)(호)(펌프차)][AVL 입력자(이현펌프(1차)(호))]출동보고
태전119안전센터,1,1000000943,현장도착보고,2024-08-01 20:52,52,2024-08-01 20:52,[태전119-태전탱크(탱크차)]현장도착보고
태전119안전센터,1,1000001170,현장도착보고,2024-08-01 20:51,39,2024-08-01 20:51,[태전119-태전펌프(카)(펌프차)][AVL 입력자(태전펌프(카))]현장도착보고
평리119안전센터,1,1000000950,출동보고,2024-08-01 20:44,21,2024-08-01 20:44,[평리119-평리탱크(탱크차)][AVL 입력자(평리탱크)]출동보고
평리119안전센터,1,1000000957,출동보고,2024-08-01 20:44,19,2024-08-01 20:44,[평리119-평리펌프(호)(펌프차)][AVL 입력자(평리펌프(호))]출동보고
현장지휘단,1,1000000646,출동보고,2024-08-01 20:45,24,2024-08-01 20:45,[현장지휘단-강북화재조사(화재조사차)][AVL 입력자(강북화재조사)]출동보고
고산119안전센터,1,1000000828,출동보고,2024-08-01 20:45,6,2024-08-01 20:45,[고산119-고산펌프(호)(펌프차)][AVL 입력자(고산펌프(호))]출동보고
수성구조대,1,1000000779,출동보고,2024-08-01 20:45,5,2024-08-01 20:45,[수성구조대-수성구조공작(구조대차)][AVL 입력자(수성구조공작)]출동보고
율하119구조대,2,1000000903,출동보고,2024-08-01 20:50,14,2024-08-01 20:50,[율하구조대-율하구조공작(구조대차)][AVL 입력자(율하구조공작)]출동보고
서부구급대,1,1000001218,현장도착보고,2024-08-01 20:57,6,2024-08-01 20:57,[서부구급대-서부본대1차(구급차)][AVL 입력자(서부본대1차)]현장도착보고
서부구급대,1,1000001218,출동보고,2024-08-01 20:51,5,2024-08-01 20:51,[서부구급대-서부본대1차(구급차)][AVL 입력자(서부본대1차)]출동보고
동촌119안전센터,1,1000001079,출동보고,2024-08-01 20:54,3,2024-08-01 20:54,[동촌119-동촌구급(구급차)][AVL 입력자(동촌구급)]출동보고
동촌119안전센터,1,1000001079,현장도착보고,2024-08-01 21:06,4,2024-08-01 21:06,[동촌119-동촌구급(구급차)][AVL 입력자(동촌구급)]현장도착보고
매곡119안전센터,1,1000001161,현장도착보고,2024-08-01 20:58,6,2024-08-01 20:58,[매곡119-매곡구급(구급차)][AVL 입력자(매곡구급)]현장도착보고
매곡119안전센터,1,1000001161,출동보고,2024-08-01 20:54,4,2024-08-01 20:54,[매곡119-매곡구급(구급차)][AVL 입력자(매곡구급)]출동보고
구암119안전센터,1,1000001169,현장도착보고,2024-08-01 21:00,40,2024-08-01 21:00,[구암119안전센터-구암펌프1차(카)(펌프차)][AVL 입력자(구암펌프1차(카))]현장도착보고
구암119안전센터,1,1000001169,출동보고,2024-08-01 20:54,12,2024-08-01 20:54,[구암119안전센터-구암펌프1차(카)(펌프차)][AVL 입력자(구암펌프1차(카))]출동보고
구암119안전센터,1,1000001172,출동보고,2024-08-01 20:54,6,2024-08-01 20:54,[구암119안전센터-구암탱크(소형)(탱크차)][AVL 입력자(구암탱크(소형))]출동보고
구암119안전센터,1,1000001174,출동보고,2024-08-01 20:54,9,2024-08-01 20:54,[구암119안전센터-구암조연(조연차)][AVL 입력자(구암조연)]출동보고
구암119안전센터,1,1000001175,출동보고,2024-08-01 20:55,15,2024-08-01 20:55,[구암119안전센터-구암화학(화학차)][AVL 입력자(구암화학)]출동보고
구암119안전센터,1,1000001175,현장도착보고,2024-08-01 20:56,23,2024-08-01 20:56,[구암119안전센터-구암화학(화학차)][AVL 입력자(구암화학)]현장도착보고
노원119안전센터,1,1000000816,현장도착보고,2024-08-01 21:00,41,2024-08-01 21:00,[노원119-노원펌프(펌프차)][AVL 입력자(노원펌프)]현장도착보고
노원119안전센터,1,1000000816,출동보고,2024-08-01 20:59,38,2024-08-01 20:59,[노원119-노원펌프(펌프차)][AVL 입력자(노원펌프)]출동보고
노원119안전센터,1,1000000877,출동보고,2024-08-01 20:55,18,2024-08-01 20:55,[노원119-노원탱크(탱크차)][AVL 입력자(노원탱크)]출동보고
노원119안전센터,1,1000000877,현장도착보고,2024-08-01 21:00,42,2024-08-01 21:00,[노원119-노원탱크(탱크차)][AVL 입력자(노원탱크)]현장도착보고
비산119안전센터,1,1000000866,출동보고,2024-08-01 20:55,17,2024-08-01 20:55,[비산119-비산탱크(탱크차)][AVL 입력자(비산탱크)]출동보고
서부구조대,1,1000001007,출동보고,2024-08-01 20:54,3,2024-08-01 20:54,[서부구조대-서부구조공작(구조대차)][AVL 입력자(서부구조공작)]출동보고
태전119안전센터,1,1000000943,출동보고,2024-08-01 20:58,29,2024-08-01 20:58,[태전119-태전탱크(탱크차)][AVL 입력자(태전탱크)]출동보고
태전119안전센터,1,1000000943,현장도착보고,2024-08-01 21:00,46,2024-08-01 21:00,[태전119-태전탱크(탱크차)][AVL 입력자(태전탱크)]현장도착보고
태전119안전센터,1,1000001149,현장도착보고,2024-08-01 20:58,30,2024-08-01 20:58,[태전119-태전구급(구급차)][AVL 입력자(태전구급)]현장도착보고
태전119안전센터,1,1000001149,출동보고,2024-08-01 20:56,22,2024-08-01 20:56,[태전119-태전구급(구급차)][AVL 입력자(태전구급)]출동보고
태전119안전센터,1,1000001170,현장도착보고,2024-08-01 20:59,35,2024-08-01 20:59,[태전119-태전펌프(카)(펌프차)][AVL 입력자(태전펌프(카))]현장도착보고
태전119안전센터,1,1000001170,출동보고,2024-08-01 20:54,11,2024-08-01 20:54,[태전119-태전펌프(카)(펌프차)][AVL 입력자(태전펌프(카))]출동보고
평리119안전센터,1,1000000950,출동보고,2024-08-01 20:58,31,2024-08-01 20:58,[평리119-평리탱크(탱크차)][AVL 입력자(평리탱크)]출동보고
평리119안전센터,1,1000000957,출동보고,2024-08-01 20:54,5,2024-08-01 20:54,[평리119-평리펌프(호)(펌프차)][AVL 입력자(평리펌프(호))]출동보고
현장지휘단,2,1000000646,현장도착보고,2024-08-01 21:00,39,2024-08-01 21:00,[현장지휘단-강북화재조사(화재조사차)][AVL 입력자(강북화재조사)]현장도착보고
현장지휘단,2,1000000646,출동보고,2024-08-01 20:56,21,2024-08-01 20:56,[현장지휘단-강북화재조사(화재조사차)][AVL 입력자(강북화재조사)]출동보고
송현119안전센터,1,1000001067,현장도착보고,2024-08-01 21:05,6,2024-08-01 21:05,[송현119-송현구급(구급차)][AVL 입력자(송현구급)]현장도착보고
대명119지역대,1,1000001072,출동보고,2024-08-01 20:59,5,2024-08-01 20:59,[대명지역대-대명구급(구급차)][AVL 입력자(대명구급)]출동보고
대명119지역대,1,1000001072,현장도착보고,2024-08-01 21:03,6,2024-08-01 21:03,[대명지역대-대명구급(구급차)][AVL 입력자(대명구급)]현장도착보고
산격119안전센터,1,1000001148,출동보고,2024-08-01 21:01,3,2024-08-01 21:01,[산격119-산격구급(구급차)][AVL 입력자(산격구급)]출동보고
산격119안전센터,1,1000001148,현장도착보고,2024-08-01 21:06,4,2024-08-01 21:06,[산격119-산격구급(구급차)][AVL 입력자(산격구급)]현장도착보고
119특수구조대,1,1000000862,출동보고,2024-08-01 21:07,19,2024-08-01 21:07,[119특수구조대-특구대구조버스(특수구조버스)][AVL 입력자(특구대구조버스)]출동보고
119특수구조대,1,1000001089,출동보고,2024-08-01 21:07,13,2024-08-01 21:07,[119특수구조대-드론관제지휘(특수구조대차)][AVL 입력자(드론관제지휘)]출동보고
남구119구조대,2,1000001092,출동보고,2024-08-01 21:08,23,2024-08-01 21:08,[남구구조대-남구구조(구조대차)][AVL 입력자(남구구조)]출동보고
남구119구조대,2,1000001092,현장도착보고,2024-08-01 21:13,68,2024-08-01 21:13,[남구구조대-남구구조(구조대차)][AVL 입력자(남구구조)]현장도착보고
남산119안전센터,1,1000000769,현장도착보고,2024-08-01 21:19,92,2024-08-01 21:19,[남산119-남산화학(화학차)][AVL 입력자(남산화학)]현장도착보고
남산119안전센터,1,1000000780,현장도착보고,2024-08-01 21:08,27,2024-08-01 21:08,[남산119-남산고가(53m)(고가차)][AVL 입력자(남산고가(53m))]현장도착보고
남산119안전센터,1,1000000824,현장도착보고,2024-08-01 21:19,91,2024-08-01 21:19,[남산119-남산탱크(2120)(탱크차)][AVL 입력자(남산탱크(2120))]현장도착보고
남산119안전센터,1,1000000906,현장도착보고,2024-08-01 21:20,111,2024-08-01 21:20,[남산119-남산조연(2170)(특수차)][AVL 입력자(남산조연(2170))]현장도착보고
남산119안전센터,1,1000001050,현장도착보고,2024-08-01 21:18,85,2024-08-01 21:18,[남산119-남산펌프(카)(펌프차)][AVL 입력자(남산펌프(카))]현장도착보고
남산119안전센터,1,1000001086,현장도착보고,2024-08-01 21:23,121,2024-08-01 21:23,[남산119-남산굴절(28m)(굴절차)][AVL 입력자(남산굴절(28m))]현장도착보고
내당119안전센터,1,1000001038,출동보고,2024-08-01 21:08,25,2024-08-01 21:08,[내당119-내당구급(구급차)][AVL 입력자(내당구급)]출동보고
내당119안전센터,1,1000001038,현장도착보고,2024-08-01 21:18,40,2024-08-01 21:09,[내당119-내당구급(구급차)][AVL 입력자(내당구급)]현장도착보고
달서구급대,5,1000000996,출동보고,2024-08-01 21:09,51,2024-08-01 21:09,[달서구급대-달서특별구급(구급차)][AVL 입력자(달서특별구급)]출동보고
달서구급대,5,1000000996,현장도착보고,2024-08-01 21:15,77,2024-08-01 21:15,[달서구급대-달서특별구급(구급차)][AVL 입력자(달서특별구급)]현장도착보고
달서구조대,1,1000001048,현장도착보고,2024-08-01 21:12,66,2024-08-01 21:12,[달서구조대-달서구조공작(구조대차)][AVL 입력자(달서구조공작)]현장도착보고
달서구조대,1,1000001048,출동보고,2024-08-01 21:08,22,2024-08-01 21:08,[달서구조대-달서구조공작(구조대차)][AVL 입력자(달서구조공작)]출동보고
대명119지역대,3,1000001209,출동보고,2024-08-01 21:09,49,2024-08-01 21:09,[대명지역대-대명펌프(카)(펌프차)][AVL 입력자(대명펌프(카))]출동보고
대명119지역대,3,1000001209,현장도착보고,2024-08-01 21:14,74,2024-08-01 21:14,[대명지역대-대명펌프(카)(펌프차)][AVL 입력자(대명펌프(카))]현장도착보고
명덕119안전센터,5,1000000995,현장도착보고,2024-08-01 21:22,119,2024-08-01 21:22,[명덕119-명덕구급(구급차)][AVL 입력자(명덕구급)]현장도착보고
명덕119안전센터,5,1000000995,출동보고,2024-08-01 21:10,57,2024-08-01 21:10,[명덕119-명덕구급(구급차)][AVL 입력자(명덕구급)]출동보고
본리119안전센터,1,1000000704,출동보고,2024-08-01 21:07,16,2024-08-01 21:07,[본리119-본리2차펌프(탱크차)][AVL 입력자(본리2차펌프)]출동보고
본리119안전센터,1,1000000704,현장도착보고,2024-08-01 21:15,75,2024-08-01 21:15,[본리119-본리2차펌프(탱크차)][AVL 입력자(본리2차펌프)]현장도착보고
본리119안전센터,1,1000000705,현장도착보고,2024-08-01 21:12,62,2024-08-01 21:12,[본리119-본리펌프1차(펌프차)][AVL 입력자(본리펌프1차)]현장도착보고
본리119안전센터,1,1000000705,출동보고,2024-08-01 21:07,10,2024-08-01 21:07,[본리119-본리펌프1차(펌프차)][AVL 입력자(본리펌프1차)]출동보고
북부구조대,2,1000000775,출동보고,2024-08-01 21:08,24,2024-08-01 21:08,[북부구조대-북부구조공작(구조대차)][AVL 입력자(북부구조공작)]출동보고
서부구조대,2,1000001007,출동보고,2024-08-01 21:09,46,2024-08-01 21:09,[서부구조대-서부구조공작(구조대차)][AVL 입력자(서부구조공작)]출동보고
성명119안전센터,1,1000000809,출동보고,2024-08-01 21:07,15,2024-08-01 21:07,[성명119-성명2차펌(탱크차)][AVL 입력자(성명2차펌)]출동보고
성명119안전센터,1,1000001026,현장도착보고,2024-08-01 21:10,55,2024-08-01 21:10,[성명119-성명구급(구급차)][AVL 입력자(성명구급)]현장도착보고
성명119안전센터,1,1000001026,출동보고,2024-08-01 21:08,31,2024-08-01 21:08,[성명119-성명구급(구급차)][AVL 입력자(성명구급)]출동보고
성명119안전센터,1,1000001051,현장도착보고,2024-08-01 21:09,52,2024-08-01 21:09,[성명119-성명펌프1차(카)(펌프차)][AVL 입력자(성명펌프1차(카))]현장도착보고
성명119안전센터,1,1000001051,출동보고,2024-08-01 21:07,18,2024-08-01 21:07,[성명119-성명펌프1차(카)(펌프차)][AVL 입력자(성명펌프1차(카))]출동보고
송현119안전센터,1,1000000141,현장도착보고,2024-08-01 21:10,56,2024-08-01 21:10,[송현119-송현펌프(호)(펌프차)][AVL 입력자(송현펌프(호))]현장도착보고
송현119안전센터,1,1000000141,출동보고,2024-08-01 21:07,17,2024-08-01 21:07,[송현119-송현펌프(호)(펌프차)][AVL 입력자(송현펌프(호))]출동보고
송현119안전센터,1,1000001145,현장도착보고,2024-08-01 21:10,58,2024-08-01 21:10,[송현119-송현탱크(탱크차)][AVL 입력자(송현탱크)]현장도착보고
송현119안전센터,1,1000001145,출동보고,2024-08-01 21:08,33,2024-08-01 21:08,[송현119-송현탱크(탱크차)][AVL 입력자(송현탱크)]출동보고
월성119안전센터,1,1000001032,현장도착보고,2024-08-01 21:12,63,2024-08-01 21:12,[월성119-월성펌프(호)(펌프차)][AVL 입력자(월성펌프(호))]현장도착보고
중부구급대,5,1000001073,출동보고,2024-08-01 21:09,44,2024-08-01 21:09,[중부구급대-중부본대1차(구급차)][AVL 입력자(중부본대1차)]출동보고
중부구급대,5,1000001073,현장도착보고,2024-08-01 21:17,53,2024-08-01 21:10,[중부구급대-중부본대1차(구급차)][AVL 입력자(중부본대1차)]현장도착보고
중부구조대,1,1000001006,현장도착보고,2024-08-01 21:18,90,2024-08-01 21:18,[중부구조대-중부구조공작(구조대차)][AVL 입력자(중부구조공작)]현장도착보고
중부구조대,1,1000001006,출동보고,2024-08-01 21:07,9,2024-08-01 21:07,[중부구조대-중부구조공작(구조대차)][AVL 입력자(중부구조공작)]출동보고
현장대응과,6,1000001008,출동보고,2024-08-01 21:25,128,2024-08-01 21:25,[현장대응과-본부통제단버스(지휘차)][AVL 입력자(본부통제단버스)]출동보고
현장대응과,6,1000001008,현장도착보고,2024-08-01 21:33,129,2024-08-01 21:26,[현장대응과-본부통제단버스(지휘차)][AVL 입력자(본부통제단버스)]현장도착보고
현장지휘단,1,1000001176,현장도착보고,2024-08-01 21:16,14,2024-08-01 21:07,[현장지휘단-중부현장지휘(2012)(지휘차)][AVL 입력자(중부현장지휘(2012))]현장도착보고
현장지휘단,1,1000001201,현장도착보고,2024-08-01 21:16,78,2024-08-01 21:16,[현장지휘단-중부화재조사(2013)(화재조사차)][AVL 입력자(중부화재조사(2013))]현장도착보고
이현119안전센터,1,1000001150,출동보고,2024-08-01 21:14,3,2024-08-01 21:14,[이현119-이현구급(구급차)][AVL 입력자(이현구급)]출동보고
이현119안전센터,1,1000001150,현장도착보고,2024-08-01 21:17,4,2024-08-01 21:17,[이현119-이현구급(구급차)][AVL 입력자(이현구급)]현장도착보고
서문로119안전센터,1,1000001074,출동보고,2024-08-01 21:15,7,2024-08-01 21:15,[서문로119-서문로구급(구급차)][AVL 입력자(서문로구급)]출동보고
서문로119안전센터,1,1000001074,현장도착보고,2024-08-01 21:22,9,2024-08-01 21:22,[서문로119-서문로구급(구급차)][AVL 입력자(서문로구급)]현장도착보고
중부구급대,1,1000001157,출동보고,2024-08-01 21:14,5,2024-08-01 21:14,[중부구급대-중부특별(본대2차)(구급차)][AVL 입력자(중부특별(본대2차))]출동보고
중부구급대,1,1000001157,현장도착보고,2024-08-01 21:22,10,2024-08-01 21:22,[중부구급대-중부특별(본대2차)(구급차)][AVL 입력자(중부특별(본대2차))]현장도착보고
옥포119안전센터,1,1000000901,출동보고,2024-08-01 21:22,3,2024-08-01 21:22,"[옥포119-옥포펌프(호,구조대)(펌프차)][AVL 입력자(옥포펌프(호,구조대))]출동보고"
옥포119안전센터,1,1000000901,현장도착보고,2024-08-01 21:27,4,2024-08-01 21:27,"[옥포119-옥포펌프(호,구조대)(펌프차)][AVL 입력자(옥포펌프(호,구조대))]현장도착보고"
수성119안전센터,1,1000001064,현장도착보고,2024-08-01 21:32,7,2024-08-01 21:32,[수성119-수성센터구급(구급차)][AVL 입력자(수성센터구급)]현장도착보고
수성119안전센터,1,1000001064,출동보고,2024-08-01 21:28,4,2024-08-01 21:28,[수성119-수성센터구급(구급차)][AVL 입력자(수성센터구급)]출동보고
비산119안전센터,1,1000001151,현장도착보고,2024-08-01 21:35,5,2024-08-01 21:35,[비산119-비산구급(구급차)][AVL 입력자(비산구급)]현장도착보고
비산119안전센터,1,1000001151,출동보고,2024-08-01 21:29,3,2024-08-01 21:29,[비산119-비산구급(구급차)][AVL 입력자(비산구급)]출동보고
안심119안전센터,1,1000000811,현장도착보고,2024-08-01 21:43,6,2024-08-01 21:43,[안심119-안심펌프(호)(펌프차)][AVL 입력자(안심펌프(호))]현장도착보고
안심119안전센터,1,1000000811,출동보고,2024-08-01 21:33,4,2024-08-01 21:33,[안심119-안심펌프(호)(펌프차)][AVL 입력자(안심펌프(호))]출동보고
율하119구조대,1,1000000903,출동보고,2024-08-01 21:31,3,2024-08-01 21:31,[율하구조대-율하구조공작(구조대차)][AVL 입력자(율하구조공작)]출동보고
율하119구조대,1,1000000903,현장도착보고,2024-08-01 21:45,7,2024-08-01 21:45,[율하구조대-율하구조공작(구조대차)][AVL 입력자(율하구조공작)]현장도착보고
북부구급대,1,1000001076,현장도착보고,2024-08-01 21:48,5,2024-08-01 21:48,[북부구급대-북부특별1차(구급차)][AVL 입력자(북부특별1차)]현장도착보고
북부구급대,1,1000001076,출동보고,2024-08-01 21:43,4,2024-08-01 21:43,[북부구급대-북부특별1차(구급차)][AVL 입력자(북부특별1차)]출동보고
본리119안전센터,2,1000000705,출동보고,2024-08-01 21:44,6,2024-08-01 21:44,[본리119-본리펌프1차(펌프차)][AVL 입력자(본리펌프1차)]출동보고
본리119안전센터,2,1000000705,현장도착보고,2024-08-01 21:53,8,2024-08-01 21:53,[본리119-본리펌프1차(펌프차)][AVL 입력자(본리펌프1차)]현장도착보고
달서구급대,1,1000001255,출동보고,2024-08-01 21:47,4,2024-08-01 21:47,[달서구급대-달서본대1차(구급차)][AVL 입력자(달서본대1차)]출동보고
달서구급대,1,1000001255,현장도착보고,2024-08-01 21:50,5,2024-08-01 21:50,[달서구급대-달서본대1차(구급차)][AVL 입력자(달서본대1차)]현장도착보고
중부구조대,1,1000001006,출동보고,2024-08-01 21:47,3,2024-08-01 21:47,[중부구조대-중부구조공작(구조대차)][AVL 입력자(중부구조공작)]출동보고
성명119안전센터,1,1000001026,출동보고,2024-08-01 21:55,5,2024-08-01 21:55,[성명119-성명구급(구급차)][AVL 입력자(성명구급)]출동보고
성명119안전센터,1,1000001026,현장도착보고,2024-08-01 22:00,7,2024-08-01 22:00,[성명119-성명구급(구급차)][AVL 입력자(성명구급)]현장도착보고
안심119안전센터,2,1000000811,출동보고,2024-08-01 22:09,9,2024-08-01 22:09,[안심119-안심펌프(호)(펌프차)][AVL 입력자(안심펌프(호))]출동보고
안심119안전센터,2,1000000811,현장도착보고,2024-08-01 22:15,12,2024-08-01 22:15,[안심119-안심펌프(호)(펌프차)][AVL 입력자(안심펌프(호))]현장도착보고
강북구급대,1,1000001208,출동보고,2024-08-01 21:56,7,2024-08-01 21:56,[강북구급대-강북본대1차(구급차)][AVL 입력자(강북본대1차)]출동보고
강북구급대,1,1000001208,현장도착보고,2024-08-01 22:00,8,2024-08-01 22:00,[강북구급대-강북본대1차(구급차)][AVL 입력자(강북본대1차)]현장도착보고
안심119안전센터,1,1000001210,출동보고,2024-08-01 21:56,4,2024-08-01 21:56,[안심119-안심특별구급(구급차)][AVL 입력자(안심특별구급)]출동보고
안심119안전센터,1,1000001210,현장도착보고,2024-08-01 22:01,5,2024-08-01 22:01,[안심119-안심특별구급(구급차)][AVL 입력자(안심특별구급)]현장도착보고
동부구급대,1,1000001165,출동보고,2024-08-01 21:58,3,2024-08-01 21:58,[동부구급대-동부본대1차(구급차)][AVL 입력자(동부본대1차)]출동보고
동부구급대,1,1000001165,현장도착보고,2024-08-01 22:01,4,2024-08-01 22:01,[동부구급대-동부본대1차(구급차)][AVL 입력자(동부본대1차)]현장도착보고
본리119안전센터,1,1000001029,출동보고,2024-08-01 22:00,4,2024-08-01 22:00,[본리119-본리구급(구급차)][AVL 입력자(본리구급)]출동보고
본리119안전센터,1,1000001029,현장도착보고,2024-08-01 22:05,5,2024-08-01 22:05,[본리119-본리구급(구급차)][AVL 입력자(본리구급)]현장도착보고
대현119안전센터,1,1000000688,출동보고,2024-08-01 22:03,29,2024-08-01 22:03,[대현119-대현탱크(탱크차)][AVL 입력자(대현탱크)]출동보고
대현119안전센터,1,1000000825,현장도착보고,2024-08-01 22:01,21,2024-08-01 22:01,[대현119-대현펌프(펌프차)][AVL 입력자(대현펌프)]현장도착보고
대현119안전센터,1,1000000825,출동보고,2024-08-01 22:01,20,2024-08-01 22:01,[대현119-대현펌프(펌프차)][AVL 입력자(대현펌프)]출동보고
동부구조대,1,1000000580,출동보고,2024-08-01 22:00,4,2024-08-01 22:00,[동부구조대-동부구조공작(구조대차)][AVL 입력자(동부구조공작)]출동보고
동촌119안전센터,1,1000000878,현장도착보고,2024-08-01 22:03,32,2024-08-01 22:03,[동촌119-동촌탱크(탱크차)][AVL 입력자(동촌탱크)]현장도착보고
무열로119안전센터,1,1000000830,출동보고,2024-08-01 22:01,15,2024-08-01 22:01,[무열로119-무열로펌프(펌프차)][AVL 입력자(무열로펌프)]출동보고
무열로119안전센터,1,1000000946,출동보고,2024-08-01 22:03,33,2024-08-01 22:03,[무열로119-무열로탱크(탱크차)][AVL 입력자(무열로탱크)]출동보고
복현119지역대,1,1000001077,출동보고,2024-08-01 22:02,25,2024-08-01 22:02,[복현지역대-복현구급(구급차)][AVL 입력자(복현구급)]출동보고
복현119지역대,1,1000001242,출동보고,2024-08-01 22:00,3,2024-08-01 22:00,[복현지역대-복현펌프(카)(펌프차)][AVL 입력자(복현펌프(카))]출동보고
산격119안전센터,1,1000000814,출동보고,2024-08-01 22:02,28,2024-08-01 22:02,[산격119-산격탱크(탱크차)][AVL 입력자(산격탱크)]출동보고
산격119안전센터,1,1000000954,출동보고,2024-08-01 22:00,5,2024-08-01 22:00,[산격119-산격펌프(호)(펌프차)][AVL 입력자(산격펌프(호))]출동보고
신천119안전센터,1,1000000566,출동보고,2024-08-01 22:00,7,2024-08-01 22:00,[신천119-신천굴절(굴절차)][AVL 입력자(신천굴절)]출동보고
현장지휘단,1,1000000882,출동보고,2024-08-01 22:01,19,2024-08-01 22:01,[현장지휘단-동부현장지휘(지휘차)][AVL 입력자(동부현장지휘)]출동보고
현장지휘단,1,1000000882,현장도착보고,2024-08-01 22:08,55,2024-08-01 22:08,[현장지휘단-동부현장지휘(지휘차)][AVL 입력자(동부현장지휘)]현장도착보고
현장지휘단,1,1000000894,출동보고,2024-08-01 22:02,26,2024-08-01 22:02,[현장지휘단-동부화재조사(화재조사차)][AVL 입력자(동부화재조사)]출동보고
고산119안전센터,1,1000001205,출동보고,2024-08-01 22:05,4,2024-08-01 22:05,[고산119-고산구급(구급차)][AVL 입력자(고산구급)]출동보고
고산119안전센터,1,1000001205,현장도착보고,2024-08-01 22:16,7,2024-08-01 22:16,[고산119-고산구급(구급차)][AVL 입력자(고산구급)]현장도착보고
명덕119안전센터,1,1000000995,현장도착보고,2024-08-01 22:23,5,2024-08-01 22:23,[명덕119-명덕구급(구급차)][AVL 입력자(명덕구급)]현장도착보고
명덕119안전센터,1,1000000995,출동보고,2024-08-01 22:17,4,2024-08-01 22:17,[명덕119-명덕구급(구급차)][AVL 입력자(명덕구급)]출동보고
수성119안전센터,1,1000000917,출동보고,2024-08-01 22:16,3,2024-08-01 22:16,[수성119-수성펌프(카)(펌프차)][AVL 입력자(수성펌프(카))]출동보고
수성119안전센터,1,1000000917,현장도착보고,2024-08-01 22:16,4,2024-08-01 22:16,[수성119-수성펌프(카)(펌프차)][AVL 입력자(수성펌프(카))]현장도착보고
수성구급대,1,1000001163,출동보고,2024-08-01 22:26,4,2024-08-01 22:26,[수성구급대-수성본대1차(구급차)][AVL 입력자(수성본대1차)]출동보고
수성구급대,1,1000001163,현장도착보고,2024-08-01 22:32,5,2024-08-01 22:32,[수성구급대-수성본대1차(구급차)][AVL 입력자(수성본대1차)]현장도착보고
무열로119안전센터,1,1000001025,출동보고,2024-08-01 22:28,3,2024-08-01 22:28,[무열로119-무열로구급(구급차)][AVL 입력자(무열로구급)]출동보고
무열로119안전센터,1,1000001025,현장도착보고,2024-08-01 22:33,4,2024-08-01 22:33,[무열로119-무열로구급(구급차)][AVL 입력자(무열로구급)]현장도착보고
동촌119안전센터,1,1000001079,출동보고,2024-08-01 22:36,6,2024-08-01 22:36,[동촌119-동촌구급(구급차)][AVL 입력자(동촌구급)]출동보고
동촌119안전센터,1,1000001079,현장도착보고,2024-08-01 22:45,7,2024-08-01 22:45,[동촌119-동촌구급(구급차)][AVL 입력자(동촌구급)]현장도착보고
복현119지역대,1,1000001077,출동보고,2024-08-01 22:36,4,2024-08-01 22:36,[복현지역대-복현구급(구급차)][AVL 입력자(복현구급)]출동보고
복현119지역대,1,1000001077,현장도착보고,2024-08-01 22:46,7,2024-08-01 22:46,[복현지역대-복현구급(구급차)][AVL 입력자(복현구급)]현장도착보고
송현119안전센터,1,1000001067,출동보고,2024-08-01 22:40,4,2024-08-01 22:40,[송현119-송현구급(구급차)][AVL 입력자(송현구급)]출동보고
송현119안전센터,1,1000001067,현장도착보고,2024-08-01 22:44,5,2024-08-01 22:44,[송현119-송현구급(구급차)][AVL 입력자(송현구급)]현장도착보고
서문로119안전센터,1,1000001074,현장도착보고,2024-08-01 22:47,6,2024-08-01 22:47,[서문로119-서문로구급(구급차)][AVL 입력자(서문로구급)]현장도착보고
서문로119안전센터,1,1000001074,출동보고,2024-08-01 22:42,5,2024-08-01 22:42,[서문로119-서문로구급(구급차)][AVL 입력자(서문로구급)]출동보고
성서119안전센터,1,1000001162,출동보고,2024-08-01 22:43,4,2024-08-01 22:43,[성서119-성서구급(구급차)][AVL 입력자(성서구급)]출동보고
달성구급대,1,1000001203,출동보고,2024-08-01 22:44,5,2024-08-01 22:44,[달성구급대-달성본대1차(구급차)][AVL 입력자(달성본대1차)]출동보고
달성구급대,1,1000001203,현장도착보고,2024-08-01 22:47,6,2024-08-01 22:47,[달성구급대-달성본대1차(구급차)][AVL 입력자(달성본대1차)]현장도착보고
안심119안전센터,1,1000001210,현장도착보고,2024-08-01 22:57,5,2024-08-01 22:57,[안심119-안심특별구급(구급차)][AVL 입력자(안심특별구급)]현장도착보고
안심119안전센터,1,1000001210,출동보고,2024-08-01 22:48,4,2024-08-01 22:48,[안심119-안심특별구급(구급차)][AVL 입력자(안심특별구급)]출동보고
중부구급대,1,1000001073,출동보고,2024-08-01 22:57,4,2024-08-01 22:57,[중부구급대-중부본대1차(구급차)][AVL 입력자(중부본대1차)]출동보고
중부구급대,1,1000001073,현장도착보고,2024-08-01 23:03,5,2024-08-01 23:03,[중부구급대-중부본대1차(구급차)][AVL 입력자(중부본대1차)]현장도착보고
북부구급대,1,1000001147,현장도착보고,2024-08-01 23:04,5,2024-08-01 23:04,[북부구급대-북부본대2차(구급차)][AVL 입력자(북부본대2차)]현장도착보고
북부구급대,1,1000001147,출동보고,2024-08-01 23:00,4,2024-08-01 23:00,[북부구급대-북부본대2차(구급차)][AVL 입력자(북부본대2차)]출동보고
본리119안전센터,1,1000001029,출동보고,2024-08-01 23:13,3,2024-08-01 23:13,[본리119-본리구급(구급차)][AVL 입력자(본리구급)]출동보고
본리119안전센터,1,1000001029,현장도착보고,2024-08-01 23:22,6,2024-08-01 23:22,[본리119-본리구급(구급차)][AVL 입력자(본리구급)]현장도착보고
달서구조대,1,1000001048,현장도착보고,2024-08-01 23:26,17,2024-08-01 23:26,[달서구조대-달서구조공작(구조대차)][AVL 입력자(달서구조공작)]현장도착보고
달서구조대,1,1000001048,출동보고,2024-08-01 23:17,4,2024-08-01 23:17,[달서구조대-달서구조공작(구조대차)][AVL 입력자(달서구조공작)]출동보고
도원119안전센터,1,1000000723,출동보고,2024-08-01 23:17,5,2024-08-01 23:17,[도원119-도원펌프(호)(펌프차)][AVL 입력자(도원펌프(호))]출동보고
도원119안전센터,1,1000000723,현장도착보고,2024-08-01 23:22,11,2024-08-01 23:22,[도원119-도원펌프(호)(펌프차)][AVL 입력자(도원펌프(호))]현장도착보고
도원119안전센터,2,1000001159,출동보고,2024-08-01 23:27,18,2024-08-01 23:27,[도원119-도원구급(구급차)][AVL 입력자(도원구급)]출동보고
도원119안전센터,2,1000001159,현장도착보고,2024-08-01 23:32,24,2024-08-01 23:32,[도원119-도원구급(구급차)][AVL 입력자(도원구급)]현장도착보고
화원119안전센터,1,1000001044,현장도착보고,2024-08-01 23:23,12,2024-08-01 23:23,[화원119-화원구급(구급차)][AVL 입력자(화원구급)]현장도착보고
화원119안전센터,1,1000001044,출동보고,2024-08-01 23:17,7,2024-08-01 23:17,[화원119-화원구급(구급차)][AVL 입력자(화원구급)]출동보고
태전119안전센터,1,1000001149,현장도착보고,2024-08-01 23:31,5,2024-08-01 23:31,[태전119-태전구급(구급차)][AVL 입력자(태전구급)]현장도착보고
태전119안전센터,1,1000001149,출동보고,2024-08-01 23:28,4,2024-08-01 23:28,[태전119-태전구급(구급차)][AVL 입력자(태전구급)]출동보고
군위119안전센터,1,1000001186,출동보고,2024-08-01 23:28,4,2024-08-01 23:28,[군위119-군위구급(구급차)][AVL 입력자(군위구급)]출동보고
군위119안전센터,1,1000001186,현장도착보고,2024-08-01 23:49,6,2024-08-01 23:49,[군위119-군위구급(구급차)][AVL 입력자(군위구급)]현장도착보고
공산119안전센터,1,1000000738,현장도착보고,2024-08-01 23:39,15,2024-08-01 23:39,[공산119-공산구급(구급차)][AVL 입력자(공산구급)]현장도착보고
공산119안전센터,2,1000000592,출동보고,2024-08-01 23:36,11,2024-08-01 23:36,[공산119-공산순찰(순찰차)][AVL 입력자(공산순찰)]출동보고
공산119안전센터,2,1000000592,현장도착보고,2024-08-01 23:38,13,2024-08-01 23:38,[공산119-공산순찰(순찰차)][AVL 입력자(공산순찰)]현장도착보고
율하119안전센터,1,1000000857,현장도착보고,2024-08-01 23:42,5,2024-08-01 23:42,[율하119-율하구급(구급차)][AVL 입력자(율하구급)]현장도착보고
율하119안전센터,1,1000000857,출동보고,2024-08-01 23:36,4,2024-08-01 23:36,[율하119-율하구급(구급차)][AVL 입력자(율하구급)]출동보고
성명119안전센터,1,1000001026,현장도착보고,2024-08-01 23:51,5,2024-08-01 23:51,[성명119-성명구급(구급차)][AVL 입력자(성명구급)]현장도착보고
성명119안전센터,1,1000001026,출동보고,2024-08-01 23:48,4,2024-08-01 23:48,[성명119-성명구급(구급차)][AVL 입력자(성명구급)]출동보고
죽전119안전센터,1,1000001027,출동보고,2024-08-01 23:50,5,2024-08-01 23:50,[죽전119-죽전구급(구급차)][AVL 입력자(죽전구급)]출동보고
달성구급대,1,1000001203,출동보고,2024-08-01 23:57,5,2024-08-01 23:57,[달성구급대-달성본대1차(구급차)][AVL 입력자(달성본대1차)]출동보고
달성구조대,1,1000000778,출동보고,2024-08-01 23:55,3,2024-08-01 23:55,[달성구조대-달성구조공작(구조대차)][AVL 입력자(달성구조공작)]출동보고
현풍119안전센터,1,1000000962,출동보고,2024-08-01 23:58,6,2024-08-01 23:58,[현풍119-현풍펌프(호)(펌프차)][AVL 입력자(현풍펌프(호))]출동보고
효령119지역대,3,1000001192,출동보고,2024-08-01 23:58,6,2024-08-01 23:58,[효령지역대-효령펌프(소형)(펌프차)][AVL 입력자(효령펌프(소형))]출동보고
봉덕119안전센터,1,1000001158,출동보고,2024-08-01 23:58,3,2024-08-01 23:58,[봉덕119-봉덕구급(구급차)][AVL 입력자(봉덕구급)]출동보고
